m,corr,a,wtrig,sigmal,gammanull,alpha,r,k,q,n,p,cl,sigma,sigmaw,l_i,u_i,gamma,u_noi,l_noi
0.8,0.2,0.06,0,-0.5,0,0.5,4,500,0.5,1,1,100,5,1,0.9090298057060741,0.9992166157707956,6.074031868799713,0.9992037870468811,0.9095015048980708
0.8,0.2,0.06,0,0.5,0,0.5,4,500,0.5,1,1,100,5,1,0.9054716734420949,0.9992176814314919,6.009611099044591,0.999205144465218,0.905044603347778
0.8,0.2,0.06,-0.5,-0.5,0,0.5,4,500,0.5,1,1,100,5,1,0.9092218068801208,0.9992106310245402,4.958966204568719,0.9992037870468811,0.9095015048980708
0.8,0.2,0.06,-0.5,0.5,0,0.5,4,500,0.5,1,1,100,5,1,0.9052975232802102,0.9992118155547455,4.9010870320425095,0.999205144465218,0.905044603347778
0.8,0.2,0.06,-1,-0.5,0,0.5,4,500,0.5,1,1,100,5,1,0.9093714716493069,0.9992090382364283,5.528351826670244,0.9992037870468811,0.9095015048980708
0.8,0.2,0.06,-1,0.5,0,0.5,4,500,0.5,1,1,100,5,1,0.905161561060406,0.9992103118032862,5.490123246174821,0.999205144465218,0.905044603347778
0.8,0.2,0.16,0,-0.5,0,0.5,4,500,0.5,1,1,100,5,1,0.9140127221979614,0.9999999943824686,2.680393824031055,0.9999999942538041,0.9145141601562506
0.8,0.2,0.16,0,0.5,0,0.5,4,500,0.5,1,1,100,5,1,0.9013452514763097,0.9999999944545804,2.6252097595555655,0.9999999943330812,0.9008911132812496
0.8,0.2,0.16,-0.5,-0.5,0,0.5,4,500,0.5,1,1,100,5,1,0.9142063730025429,0.9999999943251052,2.22222274899342,0.9999999942538041,0.9145141601562506
0.8,0.2,0.16,-0.5,0.5,0,0.5,4,500,0.5,1,1,100,5,1,0.9011586559107763,0.9999999944000676,2.1676518469056423,0.9999999943330812,0.9008911132812496
0.8,0.2,0.16,-1,-0.5,0,0.5,4,500,0.5,1,1,100,5,1,0.91432045608492,0.999999994302469,2.3297463563717464,0.9999999942538041,0.9145141601562506
0.8,0.2,0.16,-1,0.5,0,0.5,4,500,0.5,1,1,100,5,1,0.9010421781959665,0.9999999943793388,2.289198057907671,0.9999999943330812,0.9008911132812496
0.8,0.2,0.26,0,-0.5,0,0.5,4,500,0.5,1,1,100,5,1,0.9105365555295978,0.999999999999957,2.0366201334280314,0.9999999999999558,0.9125000000000014
0.8,0.2,0.26,0,0.5,0,0.5,4,500,0.5,1,1,100,5,1,0.8934160968982915,0.9999999999999586,1.6440198745931562,0.9999999999999574,0.8937500000000007
0.8,0.2,0.26,-0.5,-0.5,0,0.5,4,500,0.5,1,1,100,5,1,0.9060854153716309,0.9999999999999565,1.7760049731691385,0.9999999999999558,0.9125000000000014
0.8,0.2,0.26,-0.5,0.5,0,0.5,4,500,0.5,1,1,100,5,1,0.8947656265195126,0.999999999999958,1.6531505467711507,0.9999999999999574,0.8937500000000007
0.8,0.2,0.26,-1,-0.5,0,0.5,4,500,0.5,1,1,100,5,1,0.9092890360797297,0.9999999999999563,1.9742111084383593,0.9999999999999558,0.9125000000000014
0.8,0.2,0.26,-1,0.5,0,0.5,4,500,0.5,1,1,100,5,1,0.8949110433517925,0.9999999999999578,1.7047339991587254,0.9999999999999574,0.8937500000000007
0.8,0.2,0.36000000000000004,0,-0.5,0,0.5,4,500,0.5,1,1,100,5,1,0.3710191434284496,0.9999999999999999,2.3932412718398695,1,0.42500000000000016
0.8,0.2,0.36000000000000004,0,0.5,0,0.5,4,500,0.5,1,1,100,5,1,0.341668314051055,0.9999999999999999,0.9174754547376387,1,0.3968750000000001
0.8,0.2,0.36000000000000004,-0.5,-0.5,0,0.5,4,500,0.5,1,1,100,5,1,0.41014186570941547,1,3.135983111426479,1,0.42500000000000016
0.8,0.2,0.36000000000000004,-0.5,0.5,0,0.5,4,500,0.5,1,1,100,5,1,0.3463523920869063,0.9999999999999999,1.2599739265012755,1,0.3968750000000001
0.8,0.2,0.36000000000000004,-1,-0.5,0,0.5,4,500,0.5,1,1,100,5,1,0.41211353626558783,1,3.0647614110613457,1,0.42500000000000016
0.8,0.2,0.36000000000000004,-1,0.5,0,0.5,4,500,0.5,1,1,100,5,1,0.34637651069698844,0.9999999999999999,1.258986395978872,1,0.3968750000000001
0.8,0.2,0.46,0,-0.5,0,0.5,4,500,0.5,1,1,100,5,1,0.1996245656092731,0.9999999999999999,1.5431744293591771,0.9999999999999999,0.19999999999999996
0.8,0.2,0.46,0,0.5,0,0.5,4,500,0.5,1,1,100,5,1,0.1812498521179427,1,0.7487836809633888,0.9999999999999999,0.16249999999999998
0.8,0.2,0.46,-0.5,-0.5,0,0.5,4,500,0.5,1,1,100,5,1,0.19957456239602703,0.9999999999999999,1.5498145574727824,0.9999999999999999,0.19999999999999996
0.8,0.2,0.46,-0.5,0.5,0,0.5,4,500,0.5,1,1,100,5,1,0.1812495961915073,1,0.7479900891299739,0.9999999999999999,0.16249999999999998
0.8,0.2,0.46,-1,-0.5,0,0.5,4,500,0.5,1,1,100,5,1,0.1994178421888078,0.9999999999999999,1.5644866016943506,0.9999999999999999,0.19999999999999996
0.8,0.2,0.46,-1,0.5,0,0.5,4,500,0.5,1,1,100,5,1,0.1812499188127883,1,0.7490987695919242,0.9999999999999999,0.16249999999999998
0.8,0.4,0.06,0,-0.5,0,0.5,4,500,0.5,1,1,100,5,1,0.9083279378006848,0.9992201447422268,6.7481957809770705,0.99920433019523,0.9094086647033688
0.8,0.4,0.06,0,0.5,0,0.5,4,500,0.5,1,1,100,5,1,0.9060949059363842,0.9992208094002293,6.615592961118053,0.9992056330186879,0.9051277160644529
0.8,0.4,0.06,-0.5,-0.5,0,0.5,4,500,0.5,1,1,100,5,1,0.908595948134158,0.9992147555212245,6.098252004118079,0.99920433019523,0.9094086647033688
0.8,0.4,0.06,-0.5,0.5,0,0.5,4,500,0.5,1,1,100,5,1,0.9058512842162478,0.9992155788110216,5.963866864491206,0.9992056330186879,0.9051277160644529
0.8,0.4,0.06,-1,-0.5,0,0.5,4,500,0.5,1,1,100,5,1,0.9089252245950443,0.999210214782284,5.842146014706601,0.99920433019523,0.9094086647033688
0.8,0.4,0.06,-1,0.5,0,0.5,4,500,0.5,1,1,100,5,1,0.9055570144392424,0.999211231669596,5.708230711709427,0.9992056330186879,0.9051277160644529
0.8,0.4,0.16,0,-0.5,0,0.5,4,500,0.5,1,1,100,5,1,0.9130189064397292,0.9999999944691882,3.3850529881471227,0.9999999942656451,0.9144042968750008
0.8,0.4,0.16,0,0.5,0,0.5,4,500,0.5,1,1,100,5,1,0.9021996546322398,0.9999999945300317,3.2598911787470692,0.9999999943434816,0.9010009765624993
0.8,0.4,0.16,-0.5,-0.5,0,0.5,4,500,0.5,1,1,100,5,1,0.9132586116769157,0.9999999944119876,3.1669231709271233,0.9999999942656451,0.9144042968750008
0.8,0.4,0.16,-0.5,0.5,0,0.5,4,500,0.5,1,1,100,5,1,0.9019567404006172,0.9999999944761029,3.0405986517883115,0.9999999943434816,0.9010009765624993
0.8,0.4,0.16,-1,-0.5,0,0.5,4,500,0.5,1,1,100,5,1,0.9136636877307078,0.9999999943518146,3.068891390453681,0.9999999942656451,0.9144042968750008
0.8,0.4,0.16,-1,0.5,0,0.5,4,500,0.5,1,1,100,5,1,0.901602949579534,0.9999999944211121,2.942213549243936,0.9999999943434816,0.9010009765624993
0.8,0.4,0.26,0,-0.5,0,0.5,4,500,0.5,1,1,100,5,1,0.9225933794729987,0.9999999999999584,2.5207413725288705,0.9999999999999559,0.9218750000000014
0.8,0.4,0.26,0,0.5,0,0.5,4,500,0.5,1,1,100,5,1,0.8945355717242311,0.9999999999999596,2.0184443834867194,0.9999999999999575,0.8937500000000007
0.8,0.4,0.26,-0.5,-0.5,0,0.5,4,500,0.5,1,1,100,5,1,0.920161403435391,0.9999999999999578,2.4943922574610626,0.9999999999999559,0.9218750000000014
0.8,0.4,0.26,-0.5,0.5,0,0.5,4,500,0.5,1,1,100,5,1,0.8949546889782387,0.999999999999959,1.8163834199620779,0.9999999999999575,0.8937500000000007
0.8,0.4,0.26,-1,-0.5,0,0.5,4,500,0.5,1,1,100,5,1,0.9088820494160122,0.999999999999957,2.115276495894352,0.9999999999999559,0.9218750000000014
0.8,0.4,0.26,-1,0.5,0,0.5,4,500,0.5,1,1,100,5,1,0.8929710443929026,0.9999999999999585,1.8385792982865565,0.9999999999999575,0.8937500000000007
0.8,0.4,0.36000000000000004,0,-0.5,0,0.5,4,500,0.5,1,1,100,5,1,0.37885007312647573,0.9999999999999999,2.059639311365414,1,0.42500000000000016
0.8,0.4,0.36000000000000004,0,0.5,0,0.5,4,500,0.5,1,1,100,5,1,0.3483376265884388,0.9999999999999999,0.7763140766687379,1,0.3968750000000001
0.8,0.4,0.36000000000000004,-0.5,-0.5,0,0.5,4,500,0.5,1,1,100,5,1,0.3788954595508408,0.9999999999999999,2.056176213315336,1,0.42500000000000016
0.8,0.4,0.36000000000000004,-0.5,0.5,0,0.5,4,500,0.5,1,1,100,5,1,0.34165490693813916,0.9999999999999999,0.9062604317061843,1,0.3968750000000001
0.8,0.4,0.36000000000000004,-1,-0.5,0,0.5,4,500,0.5,1,1,100,5,1,0.37003612974163225,0.9999999999999999,2.379032076539488,1,0.42500000000000016
0.8,0.4,0.36000000000000004,-1,0.5,0,0.5,4,500,0.5,1,1,100,5,1,0.3463810501267762,0.9999999999999999,0.80454735017032,1,0.3968750000000001
0.8,0.4,0.46,0,-0.5,0,0.5,4,500,0.5,1,1,100,5,1,0.19570004366088395,0.9999999999999999,1.3559115088530178,0.9999999999999999,0.19999999999999996
0.8,0.4,0.46,0,0.5,0,0.5,4,500,0.5,1,1,100,5,1,0.1812499737391649,1,1.313012550069436,0.9999999999999999,0.16250000000000003
0.8,0.4,0.46,-0.5,-0.5,0,0.5,4,500,0.5,1,1,100,5,1,0.19558078134829673,0.9999999999999999,1.3568936464185763,0.9999999999999999,0.19999999999999996
0.8,0.4,0.46,-0.5,0.5,0,0.5,4,500,0.5,1,1,100,5,1,0.18124999896962832,1,0.7498984724878848,0.9999999999999999,0.16250000000000003
0.8,0.4,0.46,-1,-0.5,0,0.5,4,500,0.5,1,1,100,5,1,0.19915938155566276,0.9999999999999999,1.5860254232801472,0.9999999999999999,0.19999999999999996
0.8,0.4,0.46,-1,0.5,0,0.5,4,500,0.5,1,1,100,5,1,0.18124999594320615,1,0.7497985442629748,0.9999999999999999,0.16250000000000003
0.8,0.6000000000000001,0.06,0,-0.5,0,0.5,4,500,0.5,1,1,100,5,1,0.9070640707406612,0.9992291330924288,8.374252932265623,0.9992048625950283,0.9093185424804686
0.8,0.6000000000000001,0.06,0,0.5,0,0.5,4,500,0.5,1,1,100,5,1,0.9072063795251767,0.9992290878061301,8.15204231890388,0.9992061122935217,0.9052089691162105
0.8,0.6000000000000001,0.06,-0.5,-0.5,0,0.5,4,500,0.5,1,1,100,5,1,0.9078589664390676,0.9992183802953021,6.9283828024707494,0.9992048625950283,0.9093185424804686
0.8,0.6000000000000001,0.06,-0.5,0.5,0,0.5,4,500,0.5,1,1,100,5,1,0.906495454366465,0.9992187860439571,6.718201510970506,0.9992061122935217,0.9052089691162105
0.8,0.6000000000000001,0.06,-1,-0.5,0,0.5,4,500,0.5,1,1,100,5,1,0.9084236913799036,0.9992114629334886,6.176163407992891,0.9992048625950283,0.9093185424804686
0.8,0.6000000000000001,0.06,-1,0.5,0,0.5,4,500,0.5,1,1,100,5,1,0.9059905097017207,0.9992121958241656,5.943142211804311,0.9992061122935217,0.9052089691162105
0.8,0.6000000000000001,0.16,0,-0.5,0,0.5,4,500,0.5,1,1,100,5,1,0.9111004438929647,0.9999999946472173,4.60548820458823,0.9999999942769974,0.9142578125000007
0.8,0.6000000000000001,0.16,0,0.5,0,0.5,4,500,0.5,1,1,100,5,1,0.9038678043476523,0.9999999946865062,4.387427729229845,0.9999999943534936,0.9010742187499995
0.8,0.6000000000000001,0.16,-0.5,-0.5,0,0.5,4,500,0.5,1,1,100,5,1,0.9120172356039509,0.9999999945088126,3.9673725699284006,0.9999999942769974,0.9142578125000007
0.8,0.6000000000000001,0.16,-0.5,0.5,0,0.5,4,500,0.5,1,1,100,5,1,0.9030240244308834,0.9999999945593171,3.768770413006207,0.9999999943534936,0.9010742187499995
0.8,0.6000000000000001,0.16,-1,-0.5,0,0.5,4,500,0.5,1,1,100,5,1,0.9127470358454203,0.9999999944139417,3.8214085322176894,0.9999999942769974,0.9142578125000007
0.8,0.6000000000000001,0.16,-1,0.5,0,0.5,4,500,0.5,1,1,100,5,1,0.9024407105108284,0.9999999944727082,3.6075227725580614,0.9999999943534936,0.9010742187499995
0.8,0.6000000000000001,0.26,0,-0.5,0,0.5,4,500,0.5,1,1,100,5,1,0.9035714270170797,0.9999999999999606,2.8604422882957734,0.9999999999999561,0.9218750000000014
0.8,0.6000000000000001,0.26,0,0.5,0,0.5,4,500,0.5,1,1,100,5,1,0.9041343103158861,0.9999999999999615,2.4833048443233205,0.9999999999999577,0.8937500000000007
0.8,0.6000000000000001,0.26,-0.5,-0.5,0,0.5,4,500,0.5,1,1,100,5,1,0.91791327797647,0.9999999999999593,2.7576033565151343,0.9999999999999561,0.9218750000000014
0.8,0.6000000000000001,0.26,-0.5,0.5,0,0.5,4,500,0.5,1,1,100,5,1,0.903601665672169,0.9999999999999603,2.403400179018666,0.9999999999999577,0.8937500000000007
0.8,0.6000000000000001,0.26,-1,-0.5,0,0.5,4,500,0.5,1,1,100,5,1,0.9196090424899496,0.9999999999999581,2.535171186123892,0.9999999999999561,0.9218750000000014
0.8,0.6000000000000001,0.26,-1,0.5,0,0.5,4,500,0.5,1,1,100,5,1,0.9031944107078269,0.9999999999999593,2.131806514173479,0.9999999999999577,0.8937500000000007
0.8,0.6000000000000001,0.36000000000000004,0,-0.5,0,0.5,4,500,0.5,1,1,100,5,1,0.36474783261424804,0.9999999999999999,2.2076083400553363,1,0.42500000000000016
0.8,0.6000000000000001,0.36000000000000004,0,0.5,0,0.5,4,500,0.5,1,1,100,5,1,0.3479508243643984,0.9999999999999999,2.0820229306686735,1,0.3968750000000001
0.8,0.6000000000000001,0.36000000000000004,-0.5,-0.5,0,0.5,4,500,0.5,1,1,100,5,1,0.3643149881772098,0.9999999999999999,1.9966283103215436,1,0.42500000000000016
0.8,0.6000000000000001,0.36000000000000004,-0.5,0.5,0,0.5,4,500,0.5,1,1,100,5,1,0.34818940968140133,0.9999999999999999,1.9844917236613215,1,0.3968750000000001
0.8,0.6000000000000001,0.36000000000000004,-1,-0.5,0,0.5,4,500,0.5,1,1,100,5,1,0.3780405842959335,0.9999999999999999,1.9363774681121144,1,0.42500000000000016
0.8,0.6000000000000001,0.36000000000000004,-1,0.5,0,0.5,4,500,0.5,1,1,100,5,1,0.3415495282957564,0.9999999999999999,1.8449305605306285,1,0.3968750000000001
0.8,0.6000000000000001,0.46,0,-0.5,0,0.5,4,500,0.5,1,1,100,5,1,0.19445319321177548,0.9999999999999999,1.7888419717987365,0.9999999999999999,0.19999999999999996
0.8,0.6000000000000001,0.46,0,0.5,0,0.5,4,500,0.5,1,1,100,5,1,0.18124856595247807,1,1.3162873283127126,0.9999999999999999,0.16249999999999998
0.8,0.6000000000000001,0.46,-0.5,-0.5,0,0.5,4,500,0.5,1,1,100,5,1,0.19461416732742645,0.9999999999999999,1.789721237975768,0.9999999999999999,0.19999999999999996
0.8,0.6000000000000001,0.46,-0.5,0.5,0,0.5,4,500,0.5,1,1,100,5,1,0.1812497923178174,1,1.3139413593883773,0.9999999999999999,0.16249999999999998
0.8,0.6000000000000001,0.46,-1,-0.5,0,0.5,4,500,0.5,1,1,100,5,1,0.1945030359128279,0.9999999999999999,1.7959130379603807,0.9999999999999999,0.19999999999999996
0.8,0.6000000000000001,0.46,-1,0.5,0,0.5,4,500,0.5,1,1,100,5,1,0.18124996293126303,1,1.3131089545938834,0.9999999999999999,0.16249999999999998
0.8,0.8,0.06,0,-0.5,0,0.5,4,500,0.5,1,1,100,5,1,0.9058890338943075,0.9992343074719184,9.151397692216745,0.999205406579225,0.9092275619506831
0.8,0.8,0.06,0,0.5,0,0.5,4,500,0.5,1,1,100,5,1,0.9082256228343647,0.9992336178709696,8.850464486879378,0.9992066027117579,0.9052910804748535
0.8,0.8,0.06,-0.5,-0.5,0,0.5,4,500,0.5,1,1,100,5,1,0.9068869965280151,0.9992235621124922,8.0079223421581,0.999205406579225,0.9092275619506831
0.8,0.8,0.06,-0.5,0.5,0,0.5,4,500,0.5,1,1,100,5,1,0.9073388271960536,0.9992234247113924,7.71986418364788,0.9992066027117579,0.9052910804748535
0.8,0.8,0.06,-1,-0.5,0,0.5,4,500,0.5,1,1,100,5,1,0.9078186370927995,0.9992141472163126,7.068952366346354,0.999205406579225,0.9092275619506831
0.8,0.8,0.06,-1,0.5,0,0.5,4,500,0.5,1,1,100,5,1,0.9065106919756314,0.9992145387347459,6.754355098688731,0.9992066027117579,0.9052910804748535
0.8,0.8,0.16,0,-0.5,0,0.5,4,500,0.5,1,1,100,5,1,0.9090612298626274,0.9999999947949595,5.427615481937148,0.9999999942881814,0.9141845703125007
0.8,0.8,0.16,0,0.5,0,0.5,4,500,0.5,1,1,100,5,1,0.9056063053564732,0.9999999948130502,5.132583645434907,0.9999999943634214,0.9012207031249995
0.8,0.8,0.16,-0.5,-0.5,0,0.5,4,500,0.5,1,1,100,5,1,0.9103294227389991,0.9999999946416084,4.891617138993197,0.9999999942881814,0.9141845703125007
0.8,0.8,0.16,-0.5,0.5,0,0.5,4,500,0.5,1,1,100,5,1,0.9044500181464146,0.9999999946733911,4.616603698744614,0.9999999943634214,0.9012207031249995
0.8,0.8,0.16,-1,-0.5,0,0.5,4,500,0.5,1,1,100,5,1,0.9115325681006768,0.999999994498787,4.687221534230139,0.9999999942881814,0.9141845703125007
0.8,0.8,0.16,-1,0.5,0,0.5,4,500,0.5,1,1,100,5,1,0.9034015219880434,0.999999994544273,4.39566251284887,0.9999999943634214,0.9012207031249995
0.8,0.8,0.26,0,-0.5,0,0.5,4,500,0.5,1,1,100,5,1,0.9073886251555513,0.999999999999963,3.848582586579884,0.9999999999999563,0.9218750000000014
0.8,0.8,0.26,0,0.5,0,0.5,4,500,0.5,1,1,100,5,1,0.8945801199868675,0.9999999999999634,3.206915280275476,0.9999999999999578,0.8937500000000008
0.8,0.8,0.26,-0.5,-0.5,0,0.5,4,500,0.5,1,1,100,5,1,0.9278461376564506,0.9999999999999613,3.5144098747250103,0.9999999999999563,0.9218750000000014
0.8,0.8,0.26,-0.5,0.5,0,0.5,4,500,0.5,1,1,100,5,1,0.8963889752136615,0.9999999999999618,2.69003596755959,0.9999999999999578,0.8937500000000008
0.8,0.8,0.26,-1,-0.5,0,0.5,4,500,0.5,1,1,100,5,1,0.9055906181233169,0.9999999999999594,2.8250561312837505,0.9999999999999563,0.9218750000000014
0.8,0.8,0.26,-1,0.5,0,0.5,4,500,0.5,1,1,100,5,1,0.9029022191878485,0.9999999999999603,2.3058208576531696,0.9999999999999578,0.8937500000000008
0.8,0.8,0.36000000000000004,0,-0.5,0,0.5,4,500,0.5,1,1,100,5,1,0.36441227358693007,0.9999999999999999,2.1950658859640355,1,0.42500000000000016
0.8,0.8,0.36000000000000004,0,0.5,0,0.5,4,500,0.5,1,1,100,5,1,0.3456682696063263,0.9999999999999999,1.9705690136015048,1,0.3968750000000001
0.8,0.8,0.36000000000000004,-0.5,-0.5,0,0.5,4,500,0.5,1,1,100,5,1,0.36606394680089904,0.9999999999999999,2.1226189338548753,1,0.42500000000000016
0.8,0.8,0.36000000000000004,-0.5,0.5,0,0.5,4,500,0.5,1,1,100,5,1,0.34795292496726304,0.9999999999999999,2.081800880291626,1,0.3968750000000001
0.8,0.8,0.36000000000000004,-1,-0.5,0,0.5,4,500,0.5,1,1,100,5,1,0.3656455318998026,0.9999999999999999,2.2062594887119573,1,0.42500000000000016
0.8,0.8,0.36000000000000004,-1,0.5,0,0.5,4,500,0.5,1,1,100,5,1,0.3481465270398854,0.9999999999999999,2.026452511381186,1,0.3968750000000001
0.8,0.8,0.46,0,-0.5,0,0.5,4,500,0.5,1,1,100,5,1,0.1969054466041978,0.9999999999999999,1.394649046478494,0.9999999999999999,0.19999999999999996
0.8,0.8,0.46,0,0.5,0,0.5,4,500,0.5,1,1,100,5,1,0.18124653552924,1,1.3183863234067714,0.9999999999999999,0.16249999999999998
0.8,0.8,0.46,-0.5,-0.5,0,0.5,4,500,0.5,1,1,100,5,1,0.20825865393914114,1,1.6322070144533782,0.9999999999999999,0.19999999999999996
0.8,0.8,0.46,-0.5,0.5,0,0.5,4,500,0.5,1,1,100,5,1,0.18124880483601039,1,1.3159575237795778,0.9999999999999999,0.16249999999999998
0.8,0.8,0.46,-1,-0.5,0,0.5,4,500,0.5,1,1,100,5,1,0.20828282647391672,1,1.6284680613109848,0.9999999999999999,0.19999999999999996
0.8,0.8,0.46,-1,0.5,0,0.5,4,500,0.5,1,1,100,5,1,0.18124965875658441,1,1.3143475688696802,0.9999999999999999,0.16249999999999998
1,0.2,0.06,0,-0.5,0,0.5,4,500,0.5,1,1,100,5,1,0.9095011253234259,0.999203787046881,0,0.9992037870468811,0.9095015048980708
1,0.2,0.06,0,0.5,0,0.5,4,500,0.5,1,1,100,5,1,0.9050444442543663,0.999205144465218,2.32644547280539e-25,0.999205144465218,0.905044603347778
1,0.2,0.06,-0.5,-0.5,0,0.5,4,500,0.5,1,1,100,5,1,0.9095015010633555,0.9992037870468811,0,0.9992037870468811,0.9095015048980708
1,0.2,0.06,-0.5,0.5,0,0.5,4,500,0.5,1,1,100,5,1,0.9050446061624521,0.999205144465218,0,0.999205144465218,0.905044603347778
1,0.2,0.06,-1,-0.5,0,0.5,4,500,0.5,1,1,100,5,1,0.9094708610922174,0.9992040634404743,1.192273553663658,0.9992037870468811,0.9095015048980708
1,0.2,0.06,-1,0.5,0,0.5,4,500,0.5,1,1,100,5,1,0.905071212349494,0.9992054028493307,1.1540471778495425,0.999205144465218,0.905044603347778
1,0.2,0.16,0,-0.5,0,0.5,4,500,0.5,1,1,100,5,1,0.9144250611952683,0.9999999942542298,0.1549172675825846,0.9999999942538041,0.9145141601562506
1,0.2,0.16,0,0.5,0,0.5,4,500,0.5,1,1,100,5,1,0.900928340479275,0.9999999943332415,0.10078856428592958,0.9999999943330812,0.9008911132812496
1,0.2,0.16,-0.5,-0.5,0,0.5,4,500,0.5,1,1,100,5,1,0.9144526182960343,0.9999999942552019,0.30140377474248675,0.9999999942538041,0.9145141601562506
1,0.2,0.16,-0.5,0.5,0,0.5,4,500,0.5,1,1,100,5,1,0.9009752839126246,0.9999999943340165,0.247227069581043,0.9999999943330812,0.9008911132812496
1,0.2,0.16,-1,-0.5,0,0.5,4,500,0.5,1,1,100,5,1,0.9144916381948708,0.9999999942589122,0.7174647623712841,0.9999999942538041,0.9145141601562506
1,0.2,0.16,-1,0.5,0,0.5,4,500,0.5,1,1,100,5,1,0.9009616547714943,0.999999994337549,0.6754763237989453,0.9999999943330812,0.9008911132812496
1,0.2,0.26,0,-0.5,0,0.5,4,500,0.5,1,1,100,5,1,0.9235539636133558,0.9999999999999558,0.4813948541046189,0.9999999999999558,0.9125000000000014
1,0.2,0.26,0,0.5,0,0.5,4,500,0.5,1,1,100,5,1,0.8903814453097512,0.9999999999999574,0.54721702902656,0.9999999999999574,0.8937500000000007
1,0.2,0.26,-0.5,-0.5,0,0.5,4,500,0.5,1,1,100,5,1,0.9254960219878008,0.9999999999999557,0.9583630371752626,0.9999999999999558,0.9125000000000014
1,0.2,0.26,-0.5,0.5,0,0.5,4,500,0.5,1,1,100,5,1,0.8939139827499359,0.9999999999999574,0.2629881305490144,0.9999999999999574,0.8937500000000007
1,0.2,0.26,-1,-0.5,0,0.5,4,500,0.5,1,1,100,5,1,0.9104719897657844,0.9999999999999557,1.5869355697335648,0.9999999999999558,0.9125000000000014
1,0.2,0.26,-1,0.5,0,0.5,4,500,0.5,1,1,100,5,1,0.8930584924089473,0.9999999999999575,0.5406173911699591,0.9999999999999574,0.8937500000000007
1,0.2,0.36000000000000004,0,-0.5,0,0.5,4,500,0.5,1,1,100,5,1,0.37168854992965816,0.9999999999999999,2.410974300783282,1,0.42500000000000016
1,0.2,0.36000000000000004,0,0.5,0,0.5,4,500,0.5,1,1,100,5,1,0.3553027691545489,0.9999999999999999,0,1,0.3968750000000001
1,0.2,0.36000000000000004,-0.5,-0.5,0,0.5,4,500,0.5,1,1,100,5,1,0.37151704298714927,0.9999999999999999,2.3967907638624033,1,0.42500000000000016
1,0.2,0.36000000000000004,-0.5,0.5,0,0.5,4,500,0.5,1,1,100,5,1,0.3553001617112557,0.9999999999999999,0,1,0.3968750000000001
1,0.2,0.36000000000000004,-1,-0.5,0,0.5,4,500,0.5,1,1,100,5,1,0.3710432725364785,0.9999999999999999,2.4306350185897956,1,0.42500000000000016
1,0.2,0.36000000000000004,-1,0.5,0,0.5,4,500,0.5,1,1,100,5,1,0.3552580238397644,0.9999999999999999,0,1,0.3968750000000001
1,0.2,0.46,0,-0.5,0,0.5,4,500,0.5,1,1,100,5,1,0.1976495317071556,0.9999999999999999,1.701685921929404,0.9999999999999999,0.19999999999999996
1,0.2,0.46,0,0.5,0,0.5,4,500,0.5,1,1,100,5,1,0.1812413540446113,1,0.740700430547193,0.9999999999999999,0.16249999999999998
1,0.2,0.46,-0.5,-0.5,0,0.5,4,500,0.5,1,1,100,5,1,0.19984183692313912,0.9999999999999999,1.550864804195128,0.9999999999999999,0.19999999999999996
1,0.2,0.46,-0.5,0.5,0,0.5,4,500,0.5,1,1,100,5,1,0.18124512581719068,1,0.7430173114100947,0.9999999999999999,0.16249999999999998
1,0.2,0.46,-1,-0.5,0,0.5,4,500,0.5,1,1,100,5,1,0.1974915362375853,0.9999999999999999,1.3627207521027362,0.9999999999999999,0.19999999999999996
1,0.2,0.46,-1,0.5,0,0.5,4,500,0.5,1,1,100,5,1,0.18124872947986723,1,0.7464348458474236,0.9999999999999999,0.16249999999999998
1,0.4,0.06,0,-0.5,0,0.5,4,500,0.5,1,1,100,5,1,0.9094087698878146,0.99920433019523,0,0.99920433019523,0.9094086647033688
1,0.4,0.06,0,0.5,0,0.5,4,500,0.5,1,1,100,5,1,0.9051277437650622,0.9992056330186879,0,0.9992056330186879,0.9051277160644529
1,0.4,0.06,-0.5,-0.5,0,0.5,4,500,0.5,1,1,100,5,1,0.9092730868968432,0.9992046102182346,0.9541026276417981,0.99920433019523,0.9094086647033688
1,0.4,0.06,-0.5,0.5,0,0.5,4,500,0.5,1,1,100,5,1,0.9052338049266483,0.9992058392260923,0.81978986532462494,0.9992056330186879,0.9051277160644529
1,0.4,0.06,-1,-0.5,0,0.5,4,500,0.5,1,1,100,5,1,0.9092724764626385,0.9992047725795474,1.5058365632699295,0.99920433019523,0.9094086647033688
1,0.4,0.06,-1,0.5,0,0.5,4,500,0.5,1,1,100,5,1,0.9052404339370784,0.9992059989775987,1.3719561059526153,0.9992056330186879,0.9051277160644529
1,0.4,0.16,0,-0.5,0,0.5,4,500,0.5,1,1,100,5,1,0.9140424066838478,0.999999994279004,0.8547766604414937,0.9999999942656451,0.9144042968750008
1,0.4,0.16,0,0.5,0,0.5,4,500,0.5,1,1,100,5,1,0.9012748543936596,0.9999999943531259,0.7276964264802879,0.9999999943434816,0.9010009765624993
1,0.4,0.16,-0.5,-0.5,0,0.5,4,500,0.5,1,1,100,5,1,0.9139243912688296,0.9999999942902549,1.2405036407300913,0.9999999942656451,0.9144042968750008
1,0.4,0.16,-0.5,0.5,0,0.5,4,500,0.5,1,1,100,5,1,0.9013715011852749,0.9999999943629406,1.1103517533235814,0.9999999943434816,0.9010009765624993
1,0.4,0.16,-1,-0.5,0,0.5,4,500,0.5,1,1,100,5,1,0.914018284192163,0.9999999942872875,1.4382089420549249,0.9999999942656451,0.9144042968750008
1,0.4,0.16,-1,0.5,0,0.5,4,500,0.5,1,1,100,5,1,0.9013099480839318,0.9999999943610984,1.3083638272125544,0.9999999943434816,0.9010009765624993
1,0.4,0.26,0,-0.5,0,0.5,4,500,0.5,1,1,100,5,1,0.9266232144413529,0.9999999999999563,1.44713295292576,0.9999999999999559,0.9218750000000014
1,0.4,0.26,0,0.5,0,0.5,4,500,0.5,1,1,100,5,1,0.89271566358501,0.9999999999999578,0.642587466200249,0.9999999999999575,0.8937500000000007
1,0.4,0.26,-0.5,-0.5,0,0.5,4,500,0.5,1,1,100,5,1,0.9048300547191338,0.9999999999999564,1.80299446466097,0.9999999999999559,0.9218750000000014
1,0.4,0.26,-0.5,0.5,0,0.5,4,500,0.5,1,1,100,5,1,0.8937726684455278,0.9999999999999579,0.6847718647625478,0.9999999999999575,0.8937500000000007
1,0.4,0.26,-1,-0.5,0,0.5,4,500,0.5,1,1,100,5,1,0.9085411632168424,0.9999999999999563,2.1982643544189875,0.9999999999999559,0.9218750000000014
1,0.4,0.26,-1,0.5,0,0.5,4,500,0.5,1,1,100,5,1,0.8975237378559363,0.9999999999999578,0.6164880065331171,0.9999999999999575,0.8937500000000007
1,0.4,0.36000000000000004,0,-0.5,0,0.5,4,500,0.5,1,1,100,5,1,0.41333365163667446,1,3.018194136109852,1,0.42500000000000016
1,0.4,0.36000000000000004,0,0.5,0,0.5,4,500,0.5,1,1,100,5,1,0.3454221910544724,0.9999999999999999,0.23681494497000496,1,0.3968750000000001
1,0.4,0.36000000000000004,-0.5,-0.5,0,0.5,4,500,0.5,1,1,100,5,1,0.37413206490763806,0.9999999999999999,2.638865326496727,1,0.42500000000000016
1,0.4,0.36000000000000004,-0.5,0.5,0,0.5,4,500,0.5,1,1,100,5,1,0.355325871457294,0.9999999999999999,0,1,0.3968750000000001
1,0.4,0.36000000000000004,-1,-0.5,0,0.5,4,500,0.5,1,1,100,5,1,0.3704820582477239,0.9999999999999999,2.3512630568774155,1,0.42500000000000016
1,0.4,0.36000000000000004,-1,0.5,0,0.5,4,500,0.5,1,1,100,5,1,0.345531255111788,0.9999999999999999,0.3293016823026861,1,0.3968750000000001
1,0.4,0.46,0,-0.5,0,0.5,4,500,0.5,1,1,100,5,1,0.19949549790311474,0.9999999999999999,1.5569339219535296,0.9999999999999999,0.19999999999999996
1,0.4,0.46,0,0.5,0,0.5,4,500,0.5,1,1,100,5,1,0.18124421207970615,1,0.7423910557859855,0.9999999999999999,0.16250000000000003
1,0.4,0.46,-0.5,-0.5,0,0.5,4,500,0.5,1,1,100,5,1,0.19921732514432255,0.9999999999999999,1.5816562122455267,0.9999999999999999,0.19999999999999996
1,0.4,0.46,-0.5,0.5,0,0.5,4,500,0.5,1,1,100,5,1,0.18124743219534487,1,0.7449317537324294,0.9999999999999999,0.16250000000000003
1,0.4,0.46,-1,-0.5,0,0.5,4,500,0.5,1,1,100,5,1,0.19918887129769133,0.9999999999999999,1.5835616621455537,0.9999999999999999,0.19999999999999996
1,0.4,0.46,-1,0.5,0,0.5,4,500,0.5,1,1,100,5,1,0.18124922237381771,1,0.7472108564325485,0.9999999999999999,0.16250000000000003
1,0.6000000000000001,0.06,0,-0.5,0,0.5,4,500,0.5,1,1,100,5,1,0.9088799915010172,0.9992057936303227,1.6141441330283215,0.9992048625950283,0.9093185424804686
1,0.6000000000000001,0.06,0,0.5,0,0.5,4,500,0.5,1,1,100,5,1,0.9055534360043858,0.9992068041783314,1.392313477400341,0.9992061122935217,0.9052089691162105
1,0.6000000000000001,0.06,-0.5,-0.5,0,0.5,4,500,0.5,1,1,100,5,1,0.9089188990787838,0.9992058458333611,1.7833358079020836,0.9992048625950283,0.9093185424804686
1,0.6000000000000001,0.06,-0.5,0.5,0,0.5,4,500,0.5,1,1,100,5,1,0.9055296407705679,0.9992068753636909,1.5733160341602632,0.9992061122935217,0.9052089691162105
1,0.6000000000000001,0.06,-1,-0.5,0,0.5,4,500,0.5,1,1,100,5,1,0.9090276952587314,0.9992055248531709,1.8391734761530547,0.9992048625950283,0.9093185424804686
1,0.6000000000000001,0.06,-1,0.5,0,0.5,4,500,0.5,1,1,100,5,1,0.905439642849176,0.9992066151720008,1.6063294583947616,0.9992061122935217,0.9052089691162105
1,0.6000000000000001,0.16,0,-0.5,0,0.5,4,500,0.5,1,1,100,5,1,0.9128337900043606,0.9999999943544297,2.0654915684953234,0.9999999942769974,0.9142578125000007
1,0.6000000000000001,0.16,0,0.5,0,0.5,4,500,0.5,1,1,100,5,1,0.9022705326860907,0.9999999944150441,1.8565754865073492,0.9999999943534936,0.9010742187499995
1,0.6000000000000001,0.16,-0.5,-0.5,0,0.5,4,500,0.5,1,1,100,5,1,0.91303981351423,0.9999999943444268,2.0463381194484214,0.9999999942769974,0.9142578125000007
1,0.6000000000000001,0.16,-0.5,0.5,0,0.5,4,500,0.5,1,1,100,5,1,0.9020567899600086,0.9999999944075132,1.8411228101058945,0.9999999943534936,0.9010742187499995
1,0.6000000000000001,0.16,-1,-0.5,0,0.5,4,500,0.5,1,1,100,5,1,0.9133000635944094,0.9999999943283207,2.1979540272182874,0.9999999942769974,0.9142578125000007
1,0.6000000000000001,0.16,-1,0.5,0,0.5,4,500,0.5,1,1,100,5,1,0.9018847826499637,0.9999999943942591,1.9794966303743673,0.9999999943534936,0.9010742187499995
1,0.6000000000000001,0.26,0,-0.5,0,0.5,4,500,0.5,1,1,100,5,1,0.9146519516137671,0.9999999999999577,2.3957884030493397,0.9999999999999561,0.9218750000000014
1,0.6000000000000001,0.26,0,0.5,0,0.5,4,500,0.5,1,1,100,5,1,0.8894944056670847,0.9999999999999588,1.298076018822545,0.9999999999999577,0.8937500000000007
1,0.6000000000000001,0.26,-0.5,-0.5,0,0.5,4,500,0.5,1,1,100,5,1,0.9035039808278681,0.9999999999999575,2.078604624948364,0.9999999999999561,0.9218750000000014
1,0.6000000000000001,0.26,-0.5,0.5,0,0.5,4,500,0.5,1,1,100,5,1,0.888546063562678,0.9999999999999586,1.080131155731696,0.9999999999999577,0.8937500000000007
1,0.6000000000000001,0.26,-1,-0.5,0,0.5,4,500,0.5,1,1,100,5,1,0.9223930892625987,0.9999999999999573,2.3856613832499116,0.9999999999999561,0.9218750000000014
1,0.6000000000000001,0.26,-1,0.5,0,0.5,4,500,0.5,1,1,100,5,1,0.8929640509598402,0.9999999999999581,0.576408393961347,0.9999999999999577,0.8937500000000007
1,0.6000000000000001,0.36000000000000004,0,-0.5,0,0.5,4,500,0.5,1,1,100,5,1,0.37791105400290903,0.9999999999999999,1.9017236205915855,1,0.42500000000000016
1,0.6000000000000001,0.36000000000000004,0,0.5,0,0.5,4,500,0.5,1,1,100,5,1,0.3463656905578673,0.9999999999999999,1.2564722483735318,1,0.3968750000000001
1,0.6000000000000001,0.36000000000000004,-0.5,-0.5,0,0.5,4,500,0.5,1,1,100,5,1,0.37812676191794387,0.9999999999999999,1.8167797115781597,1,0.42500000000000016
1,0.6000000000000001,0.36000000000000004,-0.5,0.5,0,0.5,4,500,0.5,1,1,100,5,1,0.346336089488953,0.9999999999999999,1.2613565150007249,1,0.3968750000000001
1,0.6000000000000001,0.36000000000000004,-1,-0.5,0,0.5,4,500,0.5,1,1,100,5,1,0.3794652721800446,0.9999999999999999,2.0537164627363427,1,0.42500000000000016
1,0.6000000000000001,0.36000000000000004,-1,0.5,0,0.5,4,500,0.5,1,1,100,5,1,0.34636750588244475,0.9999999999999999,1.258483849225865,1,0.3968750000000001
1,0.6000000000000001,0.46,0,-0.5,0,0.5,4,500,0.5,1,1,100,5,1,0.19573054994974207,0.9999999999999999,1.3536501653314092,0.9999999999999999,0.19999999999999996
1,0.6000000000000001,0.46,0,0.5,0,0.5,4,500,0.5,1,1,100,5,1,0.18124822172853974,1,0.7457823389620871,0.9999999999999999,0.16249999999999998
1,0.6000000000000001,0.46,-0.5,-0.5,0,0.5,4,500,0.5,1,1,100,5,1,0.19504758840168965,0.9999999999999999,1.7754607142321106,0.9999999999999999,0.19999999999999996
1,0.6000000000000001,0.46,-0.5,0.5,0,0.5,4,500,0.5,1,1,100,5,1,0.18124876665152165,1,0.7464874738474703,0.9999999999999999,0.16249999999999998
1,0.6000000000000001,0.46,-1,-0.5,0,0.5,4,500,0.5,1,1,100,5,1,0.19571043973109686,0.9999999999999999,1.3834962629788956,0.9999999999999999,0.19999999999999996
1,0.6000000000000001,0.46,-1,0.5,0,0.5,4,500,0.5,1,1,100,5,1,0.1812496377008742,1,0.7480962191587182,0.9999999999999999,0.16249999999999998
1,0.8,0.06,0,-0.5,0,0.5,4,500,0.5,1,1,100,5,1,0.9083499506373588,0.9992074422269474,2.3892927814461746,0.999205406579225,0.9092275619506831
1,0.8,0.06,0,0.5,0,0.5,4,500,0.5,1,1,100,5,1,0.9059896684299583,0.9992081576325826,2.0891367541394144,0.9992066027117579,0.9052910804748535
1,0.8,0.06,-0.5,-0.5,0,0.5,4,500,0.5,1,1,100,5,1,0.9083399175648458,0.9992079530080494,2.8616730043278373,0.999205406579225,0.9092275619506831
1,0.8,0.06,-0.5,0.5,0,0.5,4,500,0.5,1,1,100,5,1,0.9060163958327533,0.9992086565929421,2.574093179782335,0.9992066027117579,0.9052910804748535
1,0.8,0.06,-1,-0.5,0,0.5,4,500,0.5,1,1,100,5,1,0.9086342237074374,0.999206882769665,2.731385165136189,0.999205406579225,0.9092275619506831
1,0.8,0.06,-1,0.5,0,0.5,4,500,0.5,1,1,100,5,1,0.905766914611241,0.9992077523883462,2.4170384650937633,0.9992066027117579,0.9052910804748535
1,0.8,0.16,0,-0.5,0,0.5,4,500,0.5,1,1,100,5,1,0.9114592641441638,0.9999999944374265,2.8878301027105024,0.9999999942881814,0.9141845703125007
1,0.8,0.16,0,0.5,0,0.5,4,500,0.5,1,1,100,5,1,0.903442942376325,0.9999999944828051,2.595278912139957,0.9999999943634214,0.9012207031249995
1,0.8,0.16,-0.5,-0.5,0,0.5,4,500,0.5,1,1,100,5,1,0.9117408485692061,0.999999994430771,2.9627720491837755,0.9999999942881814,0.9141845703125007
1,0.8,0.16,-0.5,0.5,0,0.5,4,500,0.5,1,1,100,5,1,0.9032113210506978,0.9999999944789102,2.687170314681076,0.9999999943634214,0.9012207031249995
1,0.8,0.16,-1,-0.5,0,0.5,4,500,0.5,1,1,100,5,1,0.9122753455849677,0.9999999943898829,3.072742823674163,0.9999999942881814,0.9141845703125007
1,0.8,0.16,-1,0.5,0,0.5,4,500,0.5,1,1,100,5,1,0.9027223283516563,0.9999999944446507,2.7677609162586565,0.9999999943634214,0.9012207031249995
1,0.8,0.26,0,-0.5,0,0.5,4,500,0.5,1,1,100,5,1,0.9082530720989268,0.9999999999999593,2.4345544103204593,0.9999999999999563,0.9218750000000014
1,0.8,0.26,0,0.5,0,0.5,4,500,0.5,1,1,100,5,1,0.9082919113760936,0.9999999999999603,2.4089086600674623,0.9999999999999578,0.8937500000000008
1,0.8,0.26,-0.5,-0.5,0,0.5,4,500,0.5,1,1,100,5,1,0.9121901610959042,0.9999999999999591,2.789508151769198,0.9999999999999563,0.9218750000000014
1,0.8,0.26,-0.5,0.5,0,0.5,4,500,0.5,1,1,100,5,1,0.8997861095971034,0.99999999999996,2.432390767353024,0.9999999999999578,0.8937500000000008
1,0.8,0.26,-1,-0.5,0,0.5,4,500,0.5,1,1,100,5,1,0.9079616739264182,0.9999999999999584,2.5610879262663326,0.9999999999999563,0.9218750000000014
1,0.8,0.26,-1,0.5,0,0.5,4,500,0.5,1,1,100,5,1,0.9073171702457388,0.9999999999999593,1.691328017594605,0.9999999999999578,0.8937500000000008
1,0.8,0.36000000000000004,0,-0.5,0,0.5,4,500,0.5,1,1,100,5,1,0.34756947777524166,0.9999999999999998,2.158280440428661,1,0.42500000000000016
1,0.8,0.36000000000000004,0,0.5,0,0.5,4,500,0.5,1,1,100,5,1,0.34822901307229503,0.9999999999999999,1.329319465039926,1,0.3968750000000001
1,0.8,0.36000000000000004,-0.5,-0.5,0,0.5,4,500,0.5,1,1,100,5,1,0.3645588462384134,0.9999999999999999,2.261053685262864,1,0.42500000000000016
1,0.8,0.36000000000000004,-0.5,0.5,0,0.5,4,500,0.5,1,1,100,5,1,0.3481238364929743,0.9999999999999999,1.37263453590146,1,0.3968750000000001
1,0.8,0.36000000000000004,-1,-0.5,0,0.5,4,500,0.5,1,1,100,5,1,0.34748587985573864,0.9999999999999998,2.196416716517325,1,0.42500000000000016
1,0.8,0.36000000000000004,-1,0.5,0,0.5,4,500,0.5,1,1,100,5,1,0.3436228071454477,0.9999999999999999,1.9916135617367745,1,0.3968750000000001
1,0.8,0.46,0,-0.5,0,0.5,4,500,0.5,1,1,100,5,1,0.19483065954877138,0.9999999999999999,1.7750161784920946,0.9999999999999999,0.19999999999999996
1,0.8,0.46,0,0.5,0,0.5,4,500,0.5,1,1,100,5,1,0.1812495459229484,1,0.7478687341848859,0.9999999999999999,0.16249999999999998
1,0.8,0.46,-0.5,-0.5,0,0.5,4,500,0.5,1,1,100,5,1,0.19686474681631327,0.9999999999999999,1.4039382400773401,0.9999999999999999,0.19999999999999996
1,0.8,0.46,-0.5,0.5,0,0.5,4,500,0.5,1,1,100,5,1,0.18124976847716007,1,0.7484781465346796,0.9999999999999999,0.16249999999999998
1,0.8,0.46,-1,-0.5,0,0.5,4,500,0.5,1,1,100,5,1,0.1967508105524887,0.9999999999999999,1.4135300641404522,0.9999999999999999,0.19999999999999996
1,0.8,0.46,-1,0.5,0,0.5,4,500,0.5,1,1,100,5,1,0.18124993483514604,1,0.7491926020930619,0.9999999999999999,0.16249999999999998
1.2000000000000002,0.2,0.06,0,-0.5,0,0.5,4,500,0.5,1,1,100,5,1,0.9095013001771515,0.9992037870468811,0,0.9992037870468811,0.9095015048980708
1.2000000000000002,0.2,0.06,0,0.5,0,0.5,4,500,0.5,1,1,100,5,1,0.9050444606498426,0.999205144465218,0,0.999205144465218,0.905044603347778
1.2000000000000002,0.2,0.06,-0.5,-0.5,0,0.5,4,500,0.5,1,1,100,5,1,0.9095015482988003,0.9992037870468811,0,0.9992037870468811,0.9095015048980708
1.2000000000000002,0.2,0.06,-0.5,0.5,0,0.5,4,500,0.5,1,1,100,5,1,0.905044444077398,0.999205144465218,0,0.999205144465218,0.905044603347778
1.2000000000000002,0.2,0.06,-1,-0.5,0,0.5,4,500,0.5,1,1,100,5,1,0.9095012997167857,0.9992037870468811,0,0.9992037870468811,0.9095015048980708
1.2000000000000002,0.2,0.06,-1,0.5,0,0.5,4,500,0.5,1,1,100,5,1,0.9050444860104749,0.999205144465218,0,0.999205144465218,0.905044603347778
1.2000000000000002,0.2,0.16,0,-0.5,0,0.5,4,500,0.5,1,1,100,5,1,0.9144457980871609,0.9999999942538041,0,0.9999999942538041,0.9145141601562506
1.2000000000000002,0.2,0.16,0,0.5,0,0.5,4,500,0.5,1,1,100,5,1,0.9008972980099486,0.9999999943330812,0,0.9999999943330812,0.9008911132812496
1.2000000000000002,0.2,0.16,-0.5,-0.5,0,0.5,4,500,0.5,1,1,100,5,1,0.9145154085680735,0.9999999942538041,0,0.9999999942538041,0.9145141601562506
1.2000000000000002,0.2,0.16,-0.5,0.5,0,0.5,4,500,0.5,1,1,100,5,1,0.9008794268525614,0.9999999943330812,0,0.9999999943330812,0.9008911132812496
1.2000000000000002,0.2,0.16,-1,-0.5,0,0.5,4,500,0.5,1,1,100,5,1,0.9144452950786685,0.9999999942538041,0,0.9999999942538041,0.9145141601562506
1.2000000000000002,0.2,0.16,-1,0.5,0,0.5,4,500,0.5,1,1,100,5,1,0.9008939654430935,0.9999999943330812,1.9058241313221758e-21,0.9999999943330812,0.9008911132812496
1.2000000000000002,0.2,0.26,0,-0.5,0,0.5,4,500,0.5,1,1,100,5,1,0.9195037817392868,0.9999999999999558,0,0.9999999999999558,0.9125000000000014
1.2000000000000002,0.2,0.26,0,0.5,0,0.5,4,500,0.5,1,1,100,5,1,0.9032689575070401,0.9999999999999574,3.9031278209478153e-17,0.9999999999999574,0.8937500000000007
1.2000000000000002,0.2,0.26,-0.5,-0.5,0,0.5,4,500,0.5,1,1,100,5,1,0.9089956163936428,0.9999999999999557,0.0823161036729822,0.9999999999999558,0.9125000000000014
1.2000000000000002,0.2,0.26,-0.5,0.5,0,0.5,4,500,0.5,1,1,100,5,1,0.9044840996933201,0.9999999999999574,0.019279717954575993,0.9999999999999574,0.8937500000000007
1.2000000000000002,0.2,0.26,-1,-0.5,0,0.5,4,500,0.5,1,1,100,5,1,0.9128654897859394,0.9999999999999557,0.4757595852967103,0.9999999999999558,0.9125000000000014
1.2000000000000002,0.2,0.26,-1,0.5,0,0.5,4,500,0.5,1,1,100,5,1,0.8956562141955813,0.9999999999999574,0.18494624014698924,0.9999999999999574,0.8937500000000007
1.2000000000000002,0.2,0.36000000000000004,0,-0.5,0,0.5,4,500,0.5,1,1,100,5,1,0.3710058971745135,0.9999999999999999,0.35766258052608185,1,0.42500000000000016
1.2000000000000002,0.2,0.36000000000000004,0,0.5,0,0.5,4,500,0.5,1,1,100,5,1,0.35522202614934223,0.9999999999999999,9.367506770274751e-17,1,0.3968750000000001
1.2000000000000002,0.2,0.36000000000000004,-0.5,-0.5,0,0.5,4,500,0.5,1,1,100,5,1,0.3713232902964979,0.9999999999999999,0.33612037138115824,1,0.42500000000000016
1.2000000000000002,0.2,0.36000000000000004,-0.5,0.5,0,0.5,4,500,0.5,1,1,100,5,1,0.35523332779502803,0.9999999999999999,0,1,0.3968750000000001
1.2000000000000002,0.2,0.36000000000000004,-1,-0.5,0,0.5,4,500,0.5,1,1,100,5,1,0.3713798238528706,0.9999999999999999,2.4066105990727156,1,0.42500000000000016
1.2000000000000002,0.2,0.36000000000000004,-1,0.5,0,0.5,4,500,0.5,1,1,100,5,1,0.34410368908224415,0.9999999999999999,0.2989263943128167,1,0.3968750000000001
1.2000000000000002,0.2,0.46,0,-0.5,0,0.5,4,500,0.5,1,1,100,5,1,0.21252833783315506,1,0.9904152385346126,0.9999999999999999,0.19999999999999996
1.2000000000000002,0.2,0.46,0,0.5,0,0.5,4,500,0.5,1,1,100,5,1,0.1812184555615006,1,0.7322406054632575,0.9999999999999999,0.16249999999999998
1.2000000000000002,0.2,0.46,-0.5,-0.5,0,0.5,4,500,0.5,1,1,100,5,1,0.19761983876673986,0.9999999999999999,1.7067964775941853,0.9999999999999999,0.19999999999999996
1.2000000000000002,0.2,0.46,-0.5,0.5,0,0.5,4,500,0.5,1,1,100,5,1,0.1812355408371712,1,0.7379744108214517,0.9999999999999999,0.16249999999999998
1.2000000000000002,0.2,0.46,-1,-0.5,0,0.5,4,500,0.5,1,1,100,5,1,0.1998049575077726,0.9999999999999999,1.5555528872892308,0.9999999999999999,0.19999999999999996
1.2000000000000002,0.2,0.46,-1,0.5,0,0.5,4,500,0.5,1,1,100,5,1,0.18124631365091945,1,0.7439273779639013,0.9999999999999999,0.16249999999999998
1.2000000000000002,0.4,0.06,0,-0.5,0,0.5,4,500,0.5,1,1,100,5,1,0.9094085532366939,0.99920433019523,0,0.99920433019523,0.9094086647033688
1.2000000000000002,0.4,0.06,0,0.5,0,0.5,4,500,0.5,1,1,100,5,1,0.9051276656472451,0.9992056330186879,0,0.9992056330186879,0.9051277160644529
1.2000000000000002,0.4,0.06,-0.5,-0.5,0,0.5,4,500,0.5,1,1,100,5,1,0.9094087702574614,0.99920433019523,0,0.99920433019523,0.9094086647033688
1.2000000000000002,0.4,0.06,-0.5,0.5,0,0.5,4,500,0.5,1,1,100,5,1,0.9051277697815544,0.9992056330186879,0,0.9992056330186879,0.9051277160644529
1.2000000000000002,0.4,0.06,-1,-0.5,0,0.5,4,500,0.5,1,1,100,5,1,0.9094086647913815,0.99920433019523,0,0.99920433019523,0.9094086647033688
1.2000000000000002,0.4,0.06,-1,0.5,0,0.5,4,500,0.5,1,1,100,5,1,0.9051279810480888,0.9992056330186879,0,0.9992056330186879,0.9051277160644529
1.2000000000000002,0.4,0.16,0,-0.5,0,0.5,4,500,0.5,1,1,100,5,1,0.9143624029503121,0.9999999942656451,0,0.9999999942656451,0.9144042968750008
1.2000000000000002,0.4,0.16,0,0.5,0,0.5,4,500,0.5,1,1,100,5,1,0.9010080974677173,0.9999999943434816,0,0.9999999943434816,0.9010009765624993
1.2000000000000002,0.4,0.16,-0.5,-0.5,0,0.5,4,500,0.5,1,1,100,5,1,0.9144013557574009,0.9999999942656451,0,0.9999999942656451,0.9144042968750008
1.2000000000000002,0.4,0.16,-0.5,0.5,0,0.5,4,500,0.5,1,1,100,5,1,0.9009551039885997,0.9999999943434816,0,0.9999999943434816,0.9010009765624993
1.2000000000000002,0.4,0.16,-1,-0.5,0,0.5,4,500,0.5,1,1,100,5,1,0.9143901506400195,0.9999999942656993,0.07650919562597804,0.9999999942656451,0.9144042968750008
1.2000000000000002,0.4,0.16,-1,0.5,0,0.5,4,500,0.5,1,1,100,5,1,0.9009893098742382,0.9999999943434816,0,0.9999999943434816,0.9010009765624993
1.2000000000000002,0.4,0.26,0,-0.5,0,0.5,4,500,0.5,1,1,100,5,1,0.9264149075042181,0.9999999999999559,2.6020852139652103e-17,0.9999999999999559,0.9218750000000014
1.2000000000000002,0.4,0.26,0,0.5,0,0.5,4,500,0.5,1,1,100,5,1,0.8958232927079641,0.9999999999999575,0.10978668771057813,0.9999999999999575,0.8937500000000007
1.2000000000000002,0.4,0.26,-0.5,-0.5,0,0.5,4,500,0.5,1,1,100,5,1,0.92116858610316,0.9999999999999558,0.9781087979502363,0.9999999999999559,0.9218750000000014
1.2000000000000002,0.4,0.26,-0.5,0.5,0,0.5,4,500,0.5,1,1,100,5,1,0.8935707020414075,0.9999999999999575,0.1749137171472932,0.9999999999999575,0.8937500000000007
1.2000000000000002,0.4,0.26,-1,-0.5,0,0.5,4,500,0.5,1,1,100,5,1,0.9225902815839946,0.9999999999999559,1.2531622730998806,0.9999999999999559,0.9218750000000014
1.2000000000000002,0.4,0.26,-1,0.5,0,0.5,4,500,0.5,1,1,100,5,1,0.8935378708268593,0.9999999999999576,0.4253373582470088,0.9999999999999575,0.8937500000000007
1.2000000000000002,0.4,0.36000000000000004,0,-0.5,0,0.5,4,500,0.5,1,1,100,5,1,0.4067690078357221,1,2.24649985299826,1,0.42500000000000016
1.2000000000000002,0.4,0.36000000000000004,0,0.5,0,0.5,4,500,0.5,1,1,100,5,1,0.3549763604925884,0.9999999999999999,1.3010426069826052e-17,1,0.3968750000000001
1.2000000000000002,0.4,0.36000000000000004,-0.5,-0.5,0,0.5,4,500,0.5,1,1,100,5,1,0.41189887625205024,1,3.075704727578033,1,0.42500000000000016
1.2000000000000002,0.4,0.36000000000000004,-0.5,0.5,0,0.5,4,500,0.5,1,1,100,5,1,0.3552920958920918,0.9999999999999999,1.584773978713372e-15,1,0.3968750000000001
1.2000000000000002,0.4,0.36000000000000004,-1,-0.5,0,0.5,4,500,0.5,1,1,100,5,1,0.4127916787441455,1,3.0393189372810907,1,0.42500000000000016
1.2000000000000002,0.4,0.36000000000000004,-1,0.5,0,0.5,4,500,0.5,1,1,100,5,1,0.3552486710303654,0.9999999999999999,0,1,0.3968750000000001
1.2000000000000002,0.4,0.46,0,-0.5,0,0.5,4,500,0.5,1,1,100,5,1,0.19980634357813323,0.9999999999999999,1.552834131300421,0.9999999999999999,0.19999999999999996
1.2000000000000002,0.4,0.46,0,0.5,0,0.5,4,500,0.5,1,1,100,5,1,0.1812246140038044,1,0.7340675352091124,0.9999999999999999,0.16250000000000003
1.2000000000000002,0.4,0.46,-0.5,-0.5,0,0.5,4,500,0.5,1,1,100,5,1,0.19946264442498907,0.9999999999999999,1.560543490935513,0.9999999999999999,0.19999999999999996
1.2000000000000002,0.4,0.46,-0.5,0.5,0,0.5,4,500,0.5,1,1,100,5,1,0.18123957307757363,1,0.7397876950839084,0.9999999999999999,0.16250000000000003
1.2000000000000002,0.4,0.46,-1,-0.5,0,0.5,4,500,0.5,1,1,100,5,1,0.1993382189395863,0.9999999999999999,1.5715465497544663,0.9999999999999999,0.19999999999999996
1.2000000000000002,0.4,0.46,-1,0.5,0,0.5,4,500,0.5,1,1,100,5,1,0.1812471727941576,1,0.744681896315849,0.9999999999999999,0.16250000000000003
1.2000000000000002,0.6000000000000001,0.06,0,-0.5,0,0.5,4,500,0.5,1,1,100,5,1,0.9093182152247848,0.9992048625950283,0,0.9992048625950283,0.9093185424804686
1.2000000000000002,0.6000000000000001,0.06,0,0.5,0,0.5,4,500,0.5,1,1,100,5,1,0.9052089419795085,0.9992061122935217,0,0.9992061122935217,0.9052089691162105
1.2000000000000002,0.6000000000000001,0.06,-0.5,-0.5,0,0.5,4,500,0.5,1,1,100,5,1,0.9093183621455729,0.9992048625950284,0,0.9992048625950283,0.9093185424804686
1.2000000000000002,0.6000000000000001,0.06,-0.5,0.5,0,0.5,4,500,0.5,1,1,100,5,1,0.9052087862647772,0.9992061122935217,0,0.9992061122935217,0.9052089691162105
1.2000000000000002,0.6000000000000001,0.06,-1,-0.5,0,0.5,4,500,0.5,1,1,100,5,1,0.9093183444131865,0.9992048625950284,0,0.9992048625950283,0.9093185424804686
1.2000000000000002,0.6000000000000001,0.06,-1,0.5,0,0.5,4,500,0.5,1,1,100,5,1,0.9052088349341059,0.9992061122935217,0,0.9992061122935217,0.9052089691162105
1.2000000000000002,0.6000000000000001,0.16,0,-0.5,0,0.5,4,500,0.5,1,1,100,5,1,0.9143074012056126,0.9999999942769973,0,0.9999999942769974,0.9142578125000007
1.2000000000000002,0.6000000000000001,0.16,0,0.5,0,0.5,4,500,0.5,1,1,100,5,1,0.9011045520849121,0.9999999943534936,3.811648262644352e-21,0.9999999943534936,0.9010742187499995
1.2000000000000002,0.6000000000000001,0.16,-0.5,-0.5,0,0.5,4,500,0.5,1,1,100,5,1,0.9140858658830656,0.9999999942787489,0.32459281928961825,0.9999999942769974,0.9142578125000007
1.2000000000000002,0.6000000000000001,0.16,-0.5,0.5,0,0.5,4,500,0.5,1,1,100,5,1,0.9011705321662694,0.9999999943537351,0.12322051405084196,0.9999999943534936,0.9010742187499995
1.2000000000000002,0.6000000000000001,0.16,-1,-0.5,0,0.5,4,500,0.5,1,1,100,5,1,0.9138635872836668,0.9999999942849291,0.8363392095833543,0.9999999942769974,0.9142578125000007
1.2000000000000002,0.6000000000000001,0.16,-1,0.5,0,0.5,4,500,0.5,1,1,100,5,1,0.9013195466297196,0.9999999943576817,0.6000546994200989,0.9999999943534936,0.9010742187499995
1.2000000000000002,0.6000000000000001,0.26,0,-0.5,0,0.5,4,500,0.5,1,1,100,5,1,0.9180070091516456,0.9999999999999561,1.1423576533172146,0.9999999999999561,0.9218750000000014
1.2000000000000002,0.6000000000000001,0.26,0,0.5,0,0.5,4,500,0.5,1,1,100,5,1,0.8954856626800158,0.9999999999999577,0.20448990360506988,0.9999999999999577,0.8937500000000007
1.2000000000000002,0.6000000000000001,0.26,-0.5,-0.5,0,0.5,4,500,0.5,1,1,100,5,1,0.9104489137755641,0.9999999999999563,1.8289578521558307,0.9999999999999561,0.9218750000000014
1.2000000000000002,0.6000000000000001,0.26,-0.5,0.5,0,0.5,4,500,0.5,1,1,100,5,1,0.8955853996267762,0.9999999999999578,0.5425668763993566,0.9999999999999577,0.8937500000000007
1.2000000000000002,0.6000000000000001,0.26,-1,-0.5,0,0.5,4,500,0.5,1,1,100,5,1,0.910323000463386,0.9999999999999565,1.9979015226459802,0.9999999999999561,0.9218750000000014
1.2000000000000002,0.6000000000000001,0.26,-1,0.5,0,0.5,4,500,0.5,1,1,100,5,1,0.8930393575180972,0.9999999999999579,0.6295746998520456,0.9999999999999577,0.8937500000000007
1.2000000000000002,0.6000000000000001,0.36000000000000004,0,-0.5,0,0.5,4,500,0.5,1,1,100,5,1,0.37328101379545664,0.9999999999999999,1.686577027647553,1,0.42500000000000016
1.2000000000000002,0.6000000000000001,0.36000000000000004,0,0.5,0,0.5,4,500,0.5,1,1,100,5,1,0.3453715027600669,0.9999999999999999,0.23405127301019213,1,0.3968750000000001
1.2000000000000002,0.6000000000000001,0.36000000000000004,-0.5,-0.5,0,0.5,4,500,0.5,1,1,100,5,1,0.3788879276790242,0.9999999999999999,2.0722067893730527,1,0.42500000000000016
1.2000000000000002,0.6000000000000001,0.36000000000000004,-0.5,0.5,0,0.5,4,500,0.5,1,1,100,5,1,0.3552898291865573,0.9999999999999999,0,1,0.3968750000000001
1.2000000000000002,0.6000000000000001,0.36000000000000004,-1,-0.5,0,0.5,4,500,0.5,1,1,100,5,1,0.3788555962335864,0.9999999999999999,2.084768828050555,1,0.42500000000000016
1.2000000000000002,0.6000000000000001,0.36000000000000004,-1,0.5,0,0.5,4,500,0.5,1,1,100,5,1,0.35531042812771485,0.9999999999999999,0,1,0.3968750000000001
1.2000000000000002,0.6000000000000001,0.46,0,-0.5,0,0.5,4,500,0.5,1,1,100,5,1,0.1993508376535028,0.9999999999999999,1.568517616670329,0.9999999999999999,0.19999999999999996
1.2000000000000002,0.6000000000000001,0.46,0,0.5,0,0.5,4,500,0.5,1,1,100,5,1,0.18123411448789334,1,0.7373957243187843,0.9999999999999999,0.16249999999999998
1.2000000000000002,0.6000000000000001,0.46,-0.5,-0.5,0,0.5,4,500,0.5,1,1,100,5,1,0.19442549358672673,0.9999999999999999,1.7722940196499077,0.9999999999999999,0.19999999999999996
1.2000000000000002,0.6000000000000001,0.46,-0.5,0.5,0,0.5,4,500,0.5,1,1,100,5,1,0.1812427062758799,1,0.7414586138744049,0.9999999999999999,0.16249999999999998
1.2000000000000002,0.6000000000000001,0.46,-1,-0.5,0,0.5,4,500,0.5,1,1,100,5,1,0.19570506410303523,0.9999999999999999,1.3787617745504586,0.9999999999999999,0.19999999999999996
1.2000000000000002,0.6000000000000001,0.46,-1,0.5,0,0.5,4,500,0.5,1,1,100,5,1,0.18124801235928534,1,0.7455409117206455,0.9999999999999999,0.16249999999999998
1.2000000000000002,0.8,0.06,0,-0.5,0,0.5,4,500,0.5,1,1,100,5,1,0.9092270870131842,0.9992054065792249,0,0.999205406579225,0.9092275619506831
1.2000000000000002,0.8,0.06,0,0.5,0,0.5,4,500,0.5,1,1,100,5,1,0.9052910890651616,0.9992066027117579,0,0.9992066027117579,0.9052910804748535
1.2000000000000002,0.8,0.06,-0.5,-0.5,0,0.5,4,500,0.5,1,1,100,5,1,0.9092275261748043,0.999205406579225,0,0.999205406579225,0.9092275619506831
1.2000000000000002,0.8,0.06,-0.5,0.5,0,0.5,4,500,0.5,1,1,100,5,1,0.9052910074669445,0.9992066027117579,0,0.9992066027117579,0.9052910804748535
1.2000000000000002,0.8,0.06,-1,-0.5,0,0.5,4,500,0.5,1,1,100,5,1,0.9092274682868866,0.999205406579225,0,0.999205406579225,0.9092275619506831
1.2000000000000002,0.8,0.06,-1,0.5,0,0.5,4,500,0.5,1,1,100,5,1,0.9052910751764995,0.9992066027117579,0,0.9992066027117579,0.9052910804748535
1.2000000000000002,0.8,0.16,0,-0.5,0,0.5,4,500,0.5,1,1,100,5,1,0.9138574135425989,0.999999994290358,0.355037316631254,0.9999999942881814,0.9141845703125007
1.2000000000000002,0.8,0.16,0,0.5,0,0.5,4,500,0.5,1,1,100,5,1,0.9012572839665395,0.9999999943634832,0.0623562095893831,0.9999999943634214,0.9012207031249995
1.2000000000000002,0.8,0.16,-0.5,-0.5,0,0.5,4,500,0.5,1,1,100,5,1,0.9131271651150737,0.999999994314679,1.2414335989200513,0.9999999942881814,0.9141845703125007
1.2000000000000002,0.8,0.16,-0.5,0.5,0,0.5,4,500,0.5,1,1,100,5,1,0.901944114895837,0.9999999943791801,0.957587276388847,0.9999999943634214,0.9012207031249995
1.2000000000000002,0.8,0.16,-1,-0.5,0,0.5,4,500,0.5,1,1,100,5,1,0.9130942474971446,0.9999999943220979,1.6860026635740935,0.9999999942881814,0.9141845703125007
1.2000000000000002,0.8,0.16,-1,0.5,0,0.5,4,500,0.5,1,1,100,5,1,0.9019828142017694,0.9999999943859934,1.388615153953169,0.9999999943634214,0.9012207031249995
1.2000000000000002,0.8,0.26,0,-0.5,0,0.5,4,500,0.5,1,1,100,5,1,0.9192524813036206,0.9999999999999569,1.8250315703931255,0.9999999999999563,0.9218750000000014
1.2000000000000002,0.8,0.26,0,0.5,0,0.5,4,500,0.5,1,1,100,5,1,0.8925231189261004,0.9999999999999581,0.6895927342917489,0.9999999999999578,0.8937500000000008
1.2000000000000002,0.8,0.26,-0.5,-0.5,0,0.5,4,500,0.5,1,1,100,5,1,0.9187522551627321,0.9999999999999575,2.3179948415788445,0.9999999999999563,0.9218750000000014
1.2000000000000002,0.8,0.26,-0.5,0.5,0,0.5,4,500,0.5,1,1,100,5,1,0.9035032647798735,0.9999999999999586,0.994414001165365,0.9999999999999578,0.8937500000000008
1.2000000000000002,0.8,0.26,-1,-0.5,0,0.5,4,500,0.5,1,1,100,5,1,0.9181043432605547,0.9999999999999575,2.4772935240973815,0.9999999999999563,0.9218750000000014
1.2000000000000002,0.8,0.26,-1,0.5,0,0.5,4,500,0.5,1,1,100,5,1,0.8915288118985076,0.9999999999999585,0.8931083896681822,0.9999999999999578,0.8937500000000008
1.2000000000000002,0.8,0.36000000000000004,0,-0.5,0,0.5,4,500,0.5,1,1,100,5,1,0.3778130634509052,0.9999999999999999,1.912183011890879,1,0.42500000000000016
1.2000000000000002,0.8,0.36000000000000004,0,0.5,0,0.5,4,500,0.5,1,1,100,5,1,0.34312229936901717,0.9999999999999999,0.3397147393056974,1,0.3968750000000001
1.2000000000000002,0.8,0.36000000000000004,-0.5,-0.5,0,0.5,4,500,0.5,1,1,100,5,1,0.34844346146940636,0.9999999999999998,2.13126559884261,1,0.42500000000000016
1.2000000000000002,0.8,0.36000000000000004,-0.5,0.5,0,0.5,4,500,0.5,1,1,100,5,1,0.3553181211157059,0.9999999999999999,0,1,0.3968750000000001
1.2000000000000002,0.8,0.36000000000000004,-1,-0.5,0,0.5,4,500,0.5,1,1,100,5,1,0.34766180000919494,0.9999999999999998,2.1637573500745604,1,0.42500000000000016
1.2000000000000002,0.8,0.36000000000000004,-1,0.5,0,0.5,4,500,0.5,1,1,100,5,1,0.3458390946860421,0.9999999999999999,0.20871963818068617,1,0.3968750000000001
1.2000000000000002,0.8,0.46,0,-0.5,0,0.5,4,500,0.5,1,1,100,5,1,0.19457134324923034,0.9999999999999999,1.760029360724216,0.9999999999999999,0.19999999999999996
1.2000000000000002,0.8,0.46,0,0.5,0,0.5,4,500,0.5,1,1,100,5,1,0.18123941940559268,1,0.7397129991919362,0.9999999999999999,0.16249999999999998
1.2000000000000002,0.8,0.46,-0.5,-0.5,0,0.5,4,500,0.5,1,1,100,5,1,0.19680239308711328,0.9999999999999999,1.3885765014865836,0.9999999999999999,0.19999999999999996
1.2000000000000002,0.8,0.46,-0.5,0.5,0,0.5,4,500,0.5,1,1,100,5,1,0.1812457057461243,1,0.7434460393539751,0.9999999999999999,0.16249999999999998
1.2000000000000002,0.8,0.46,-1,-0.5,0,0.5,4,500,0.5,1,1,100,5,1,0.19678893354573132,0.9999999999999999,1.4103827041958115,0.9999999999999999,0.19999999999999996
1.2000000000000002,0.8,0.46,-1,0.5,0,0.5,4,500,0.5,1,1,100,5,1,0.18124884820259435,1,0.7466055890850781,0.9999999999999999,0.16249999999999998
1.4000000000000001,0.2,0.06,0,-0.5,0,0.5,4,500,0.5,1,1,100,5,1,0.9095012969635142,0.9992037870468811,0,0.9992037870468811,0.9095015048980708
1.4000000000000001,0.2,0.06,0,0.5,0,0.5,4,500,0.5,1,1,100,5,1,0.9050444809127313,0.999205144465218,0,0.999205144465218,0.905044603347778
1.4000000000000001,0.2,0.06,-0.5,-0.5,0,0.5,4,500,0.5,1,1,100,5,1,0.9095013664234008,0.9992037870468811,0,0.9992037870468811,0.9095015048980708
1.4000000000000001,0.2,0.06,-0.5,0.5,0,0.5,4,500,0.5,1,1,100,5,1,0.905044539642555,0.999205144465218,0,0.999205144465218,0.905044603347778
1.4000000000000001,0.2,0.06,-1,-0.5,0,0.5,4,500,0.5,1,1,100,5,1,0.9095012802976804,0.9992037870468811,0,0.9992037870468811,0.9095015048980708
1.4000000000000001,0.2,0.06,-1,0.5,0,0.5,4,500,0.5,1,1,100,5,1,0.9050444052404389,0.999205144465218,0,0.999205144465218,0.905044603347778
1.4000000000000001,0.2,0.16,0,-0.5,0,0.5,4,500,0.5,1,1,100,5,1,0.9144640350019011,0.9999999942538041,0,0.9999999942538041,0.9145141601562506
1.4000000000000001,0.2,0.16,0,0.5,0,0.5,4,500,0.5,1,1,100,5,1,0.9008905952673997,0.9999999943330812,0,0.9999999943330812,0.9008911132812496
1.4000000000000001,0.2,0.16,-0.5,-0.5,0,0.5,4,500,0.5,1,1,100,5,1,0.914477804341626,0.9999999942538041,0,0.9999999942538041,0.9145141601562506
1.4000000000000001,0.2,0.16,-0.5,0.5,0,0.5,4,500,0.5,1,1,100,5,1,0.9008892668346954,0.9999999943330812,0,0.9999999943330812,0.9008911132812496
1.4000000000000001,0.2,0.16,-1,-0.5,0,0.5,4,500,0.5,1,1,100,5,1,0.914448861243205,0.9999999942538041,0,0.9999999942538041,0.9145141601562506
1.4000000000000001,0.2,0.16,-1,0.5,0,0.5,4,500,0.5,1,1,100,5,1,0.9009362236563506,0.9999999943330811,0,0.9999999943330812,0.9008911132812496
1.4000000000000001,0.2,0.26,0,-0.5,0,0.5,4,500,0.5,1,1,100,5,1,0.9154785725657347,0.9999999999999558,6.505213034913026e-18,0.9999999999999558,0.9125000000000014
1.4000000000000001,0.2,0.26,0,0.5,0,0.5,4,500,0.5,1,1,100,5,1,0.8856931784948274,0.9999999999999574,1.0408340855860841e-16,0.9999999999999574,0.8937500000000007
1.4000000000000001,0.2,0.26,-0.5,-0.5,0,0.5,4,500,0.5,1,1,100,5,1,0.9190885613470222,0.9999999999999558,0,0.9999999999999558,0.9125000000000014
1.4000000000000001,0.2,0.26,-0.5,0.5,0,0.5,4,500,0.5,1,1,100,5,1,0.8941034080333841,0.9999999999999574,0.018553924676347158,0.9999999999999574,0.8937500000000007
1.4000000000000001,0.2,0.26,-1,-0.5,0,0.5,4,500,0.5,1,1,100,5,1,0.9243302248006553,0.9999999999999557,0.18432623889180808,0.9999999999999558,0.9125000000000014
1.4000000000000001,0.2,0.26,-1,0.5,0,0.5,4,500,0.5,1,1,100,5,1,0.8848195272158156,0.9999999999999574,0.015635930523427412,0.9999999999999574,0.8937500000000007
1.4000000000000001,0.2,0.36000000000000004,0,-0.5,0,0.5,4,500,0.5,1,1,100,5,1,0.42410086063285823,1,1.3010426069826052e-17,1,0.42500000000000016
1.4000000000000001,0.2,0.36000000000000004,0,0.5,0,0.5,4,500,0.5,1,1,100,5,1,0.34207251922306603,0.9999999999999999,0.05467044975758353,1,0.3968750000000001
1.4000000000000001,0.2,0.36000000000000004,-0.5,-0.5,0,0.5,4,500,0.5,1,1,100,5,1,0.3727831082425667,0.9999999999999999,0.24449411882139047,1,0.42500000000000016
1.4000000000000001,0.2,0.36000000000000004,-0.5,0.5,0,0.5,4,500,0.5,1,1,100,5,1,0.3551834340586227,0.9999999999999999,0,1,0.3968750000000001
1.4000000000000001,0.2,0.36000000000000004,-1,-0.5,0,0.5,4,500,0.5,1,1,100,5,1,0.388699464489851,0.9999999999999999,2.296659878025547,1,0.42500000000000016
1.4000000000000001,0.2,0.36000000000000004,-1,0.5,0,0.5,4,500,0.5,1,1,100,5,1,0.35527025635609844,0.9999999999999999,5.2041704279304207e-17,1,0.3968750000000001
1.4000000000000001,0.2,0.46,0,-0.5,0,0.5,4,500,0.5,1,1,100,5,1,0.21151806079444363,1,0.9568609060115121,0.9999999999999999,0.19999999999999996
1.4000000000000001,0.2,0.46,0,0.5,0,0.5,4,500,0.5,1,1,100,5,1,0.18118060123715077,1,0.7236673813111993,0.9999999999999999,0.16249999999999998
1.4000000000000001,0.2,0.46,-0.5,-0.5,0,0.5,4,500,0.5,1,1,100,5,1,0.1989271812828523,0.9999999999999999,1.2791078808697558,0.9999999999999999,0.19999999999999996
1.4000000000000001,0.2,0.46,-0.5,0.5,0,0.5,4,500,0.5,1,1,100,5,1,0.18122000231324764,1,0.7326812106841477,0.9999999999999999,0.16249999999999998
1.4000000000000001,0.2,0.46,-1,-0.5,0,0.5,4,500,0.5,1,1,100,5,1,0.19981661134044815,0.9999999999999999,1.5536744843022774,0.9999999999999999,0.19999999999999996
1.4000000000000001,0.2,0.46,-1,0.5,0,0.5,4,500,0.5,1,1,100,5,1,0.18124240528439287,1,0.7412839683075497,0.9999999999999999,0.16249999999999998
1.4000000000000001,0.4,0.06,0,-0.5,0,0.5,4,500,0.5,1,1,100,5,1,0.9094085744945669,0.99920433019523,0,0.99920433019523,0.9094086647033688
1.4000000000000001,0.4,0.06,0,0.5,0,0.5,4,500,0.5,1,1,100,5,1,0.9051277360133203,0.9992056330186879,0,0.9992056330186879,0.9051277160644529
1.4000000000000001,0.4,0.06,-0.5,-0.5,0,0.5,4,500,0.5,1,1,100,5,1,0.9094086477487103,0.99920433019523,3.6350710512584224e-27,0.99920433019523,0.9094086647033688
1.4000000000000001,0.4,0.06,-0.5,0.5,0,0.5,4,500,0.5,1,1,100,5,1,0.9051278622895276,0.9992056330186879,3.7223127564886245e-24,0.9992056330186879,0.9051277160644529
1.4000000000000001,0.4,0.06,-1,-0.5,0,0.5,4,500,0.5,1,1,100,5,1,0.9094087462956545,0.99920433019523,7.980638549911611e-21,0.99920433019523,0.9094086647033688
1.4000000000000001,0.4,0.06,-1,0.5,0,0.5,4,500,0.5,1,1,100,5,1,0.905127675402877,0.9992056330186879,0,0.9992056330186879,0.9051277160644529
1.4000000000000001,0.4,0.16,0,-0.5,0,0.5,4,500,0.5,1,1,100,5,1,0.9143825601007426,0.9999999942656451,0,0.9999999942656451,0.9144042968750008
1.4000000000000001,0.4,0.16,0,0.5,0,0.5,4,500,0.5,1,1,100,5,1,0.9010355350830646,0.9999999943434816,0,0.9999999943434816,0.9010009765624993
1.4000000000000001,0.4,0.16,-0.5,-0.5,0,0.5,4,500,0.5,1,1,100,5,1,0.914405009129283,0.9999999942656451,0,0.9999999942656451,0.9144042968750008
1.4000000000000001,0.4,0.16,-0.5,0.5,0,0.5,4,500,0.5,1,1,100,5,1,0.9009789587742341,0.9999999943434816,0,0.9999999943434816,0.9010009765624993
1.4000000000000001,0.4,0.16,-1,-0.5,0,0.5,4,500,0.5,1,1,100,5,1,0.9143543752784734,0.9999999942656451,0,0.9999999942656451,0.9144042968750008
1.4000000000000001,0.4,0.16,-1,0.5,0,0.5,4,500,0.5,1,1,100,5,1,0.9009678740777801,0.9999999943434816,0,0.9999999943434816,0.9010009765624993
1.4000000000000001,0.4,0.26,0,-0.5,0,0.5,4,500,0.5,1,1,100,5,1,0.9102052386132728,0.9999999999999559,0,0.9999999999999559,0.9218750000000014
1.4000000000000001,0.4,0.26,0,0.5,0,0.5,4,500,0.5,1,1,100,5,1,0.8868293106169464,0.9999999999999575,0,0.9999999999999575,0.8937500000000007
1.4000000000000001,0.4,0.26,-0.5,-0.5,0,0.5,4,500,0.5,1,1,100,5,1,0.9259048578226091,0.9999999999999559,0,0.9999999999999559,0.9218750000000014
1.4000000000000001,0.4,0.26,-0.5,0.5,0,0.5,4,500,0.5,1,1,100,5,1,0.8968419729292514,0.9999999999999575,0.02620802309081471,0.9999999999999575,0.8937500000000007
1.4000000000000001,0.4,0.26,-1,-0.5,0,0.5,4,500,0.5,1,1,100,5,1,0.9145930860954283,0.9999999999999556,1.1209737781289042,0.9999999999999559,0.9218750000000014
1.4000000000000001,0.4,0.26,-1,0.5,0,0.5,4,500,0.5,1,1,100,5,1,0.8960207730070316,0.9999999999999575,0.058142794639170006,0.9999999999999575,0.8937500000000007
1.4000000000000001,0.4,0.36000000000000004,0,-0.5,0,0.5,4,500,0.5,1,1,100,5,1,0.37059084861496033,0.9999999999999999,0.2674322785587956,1,0.42500000000000016
1.4000000000000001,0.4,0.36000000000000004,0,0.5,0,0.5,4,500,0.5,1,1,100,5,1,0.35503750268562434,0.9999999999999999,0,1,0.3968750000000001
1.4000000000000001,0.4,0.36000000000000004,-0.5,-0.5,0,0.5,4,500,0.5,1,1,100,5,1,0.3714840359310614,0.9999999999999999,2.36820496864128,1,0.42500000000000016
1.4000000000000001,0.4,0.36000000000000004,-0.5,0.5,0,0.5,4,500,0.5,1,1,100,5,1,0.3552328386388301,0.9999999999999999,0,1,0.3968750000000001
1.4000000000000001,0.4,0.36000000000000004,-1,-0.5,0,0.5,4,500,0.5,1,1,100,5,1,0.4140038323042203,1,2.9953005057254347,1,0.42500000000000016
1.4000000000000001,0.4,0.36000000000000004,-1,0.5,0,0.5,4,500,0.5,1,1,100,5,1,0.3552690190326114,0.9999999999999999,0,1,0.3968750000000001
1.4000000000000001,0.4,0.46,0,-0.5,0,0.5,4,500,0.5,1,1,100,5,1,0.1989427379181101,0.9999999999999999,1.277471914543896,0.9999999999999999,0.19999999999999996
1.4000000000000001,0.4,0.46,0,0.5,0,0.5,4,500,0.5,1,1,100,5,1,0.1811905448867918,1,0.7256248168638669,0.9999999999999999,0.16250000000000003
1.4000000000000001,0.4,0.46,-0.5,-0.5,0,0.5,4,500,0.5,1,1,100,5,1,0.199803941260141,0.9999999999999999,1.5546836560428046,0.9999999999999999,0.19999999999999996
1.4000000000000001,0.4,0.46,-0.5,0.5,0,0.5,4,500,0.5,1,1,100,5,1,0.18122653348894685,1,0.7346814017154698,0.9999999999999999,0.16250000000000003
1.4000000000000001,0.4,0.46,-1,-0.5,0,0.5,4,500,0.5,1,1,100,5,1,0.19753121403419405,0.9999999999999999,1.3763226235115957,0.9999999999999999,0.19999999999999996
1.4000000000000001,0.4,0.46,-1,0.5,0,0.5,4,500,0.5,1,1,100,5,1,0.18124377707823264,1,0.7421102763482267,0.9999999999999999,0.16250000000000003
1.4000000000000001,0.6000000000000001,0.06,0,-0.5,0,0.5,4,500,0.5,1,1,100,5,1,0.909318169811347,0.9992048625950283,0,0.9992048625950283,0.9093185424804686
1.4000000000000001,0.6000000000000001,0.06,0,0.5,0,0.5,4,500,0.5,1,1,100,5,1,0.9052090494138375,0.9992061122935217,0,0.9992061122935217,0.9052089691162105
1.4000000000000001,0.6000000000000001,0.06,-0.5,-0.5,0,0.5,4,500,0.5,1,1,100,5,1,0.9093182894263734,0.9992048625950283,0,0.9992048625950283,0.9093185424804686
1.4000000000000001,0.6000000000000001,0.06,-0.5,0.5,0,0.5,4,500,0.5,1,1,100,5,1,0.9052088822443879,0.9992061122935217,0,0.9992061122935217,0.9052089691162105
1.4000000000000001,0.6000000000000001,0.06,-1,-0.5,0,0.5,4,500,0.5,1,1,100,5,1,0.9093184257273721,0.9992048625950284,0,0.9992048625950283,0.9093185424804686
1.4000000000000001,0.6000000000000001,0.06,-1,0.5,0,0.5,4,500,0.5,1,1,100,5,1,0.9052090106972291,0.9992061122935217,0,0.9992061122935217,0.9052089691162105
1.4000000000000001,0.6000000000000001,0.16,0,-0.5,0,0.5,4,500,0.5,1,1,100,5,1,0.9142647286749013,0.9999999942769974,0,0.9999999942769974,0.9142578125000007
1.4000000000000001,0.6000000000000001,0.16,0,0.5,0,0.5,4,500,0.5,1,1,100,5,1,0.9011327554933717,0.9999999943534936,0,0.9999999943534936,0.9010742187499995
1.4000000000000001,0.6000000000000001,0.16,-0.5,-0.5,0,0.5,4,500,0.5,1,1,100,5,1,0.9142671107067357,0.9999999942769974,0,0.9999999942769974,0.9142578125000007
1.4000000000000001,0.6000000000000001,0.16,-0.5,0.5,0,0.5,4,500,0.5,1,1,100,5,1,0.9010629836471151,0.9999999943534936,0,0.9999999943534936,0.9010742187499995
1.4000000000000001,0.6000000000000001,0.16,-1,-0.5,0,0.5,4,500,0.5,1,1,100,5,1,0.91420292200156394,0.9999999942769973,3.049318610115482e-20,0.9999999942769974,0.9142578125000007
1.4000000000000001,0.6000000000000001,0.16,-1,0.5,0,0.5,4,500,0.5,1,1,100,5,1,0.9010395917596005,0.9999999943534936,0,0.9999999943534936,0.9010742187499995
1.4000000000000001,0.6000000000000001,0.26,0,-0.5,0,0.5,4,500,0.5,1,1,100,5,1,0.9196587298137666,0.999999999999956,0.09690797734349359,0.9999999999999561,0.9218750000000014
1.4000000000000001,0.6000000000000001,0.26,0,0.5,0,0.5,4,500,0.5,1,1,100,5,1,0.895687011132953,0.9999999999999577,0,0.9999999999999577,0.8937500000000007
1.4000000000000001,0.6000000000000001,0.26,-0.5,-0.5,0,0.5,4,500,0.5,1,1,100,5,1,0.9190943165870881,0.999999999999956,0.3335339512221228,0.9999999999999561,0.9218750000000014
1.4000000000000001,0.6000000000000001,0.26,-0.5,0.5,0,0.5,4,500,0.5,1,1,100,5,1,0.8953442357554326,0.9999999999999576,0.29196156392830275,0.9999999999999577,0.8937500000000007
1.4000000000000001,0.6000000000000001,0.26,-1,-0.5,0,0.5,4,500,0.5,1,1,100,5,1,0.9035837269686628,0.9999999999999559,1.6380431906460398,0.9999999999999561,0.9218750000000014
1.4000000000000001,0.6000000000000001,0.26,-1,0.5,0,0.5,4,500,0.5,1,1,100,5,1,0.8929530586977407,0.9999999999999577,0.5612476357524682,0.9999999999999577,0.8937500000000007
1.4000000000000001,0.6000000000000001,0.36000000000000004,0,-0.5,0,0.5,4,500,0.5,1,1,100,5,1,0.41372315404154797,1,2.999312723778014,1,0.42500000000000016
1.4000000000000001,0.6000000000000001,0.36000000000000004,0,0.5,0,0.5,4,500,0.5,1,1,100,5,1,0.35514139002404,0.9999999999999999,0,1,0.3968750000000001
1.4000000000000001,0.6000000000000001,0.36000000000000004,-0.5,-0.5,0,0.5,4,500,0.5,1,1,100,5,1,0.3747452224433933,0.9999999999999999,2.5914209422920202,1,0.42500000000000016
1.4000000000000001,0.6000000000000001,0.36000000000000004,-0.5,0.5,0,0.5,4,500,0.5,1,1,100,5,1,0.35527531206324026,0.9999999999999999,1.0408340855860841e-16,1,0.3968750000000001
1.4000000000000001,0.6000000000000001,0.36000000000000004,-1,-0.5,0,0.5,4,500,0.5,1,1,100,5,1,0.3733410054564635,0.9999999999999999,1.6933947937491447,1,0.42500000000000016
1.4000000000000001,0.6000000000000001,0.36000000000000004,-1,0.5,0,0.5,4,500,0.5,1,1,100,5,1,0.35527303291390555,0.9999999999999999,0,1,0.3968750000000001
1.4000000000000001,0.6000000000000001,0.46,0,-0.5,0,0.5,4,500,0.5,1,1,100,5,1,0.19973853705306582,0.9999999999999999,1.5574049146337712,0.9999999999999999,0.19999999999999996
1.4000000000000001,0.6000000000000001,0.46,0,0.5,0,0.5,4,500,0.5,1,1,100,5,1,0.18120610496279646,1,0.7290532828039517,0.9999999999999999,0.16249999999999998
1.4000000000000001,0.6000000000000001,0.46,-0.5,-0.5,0,0.5,4,500,0.5,1,1,100,5,1,0.19932419351023528,0.9999999999999999,1.5722009523505673,0.9999999999999999,0.19999999999999996
1.4000000000000001,0.6000000000000001,0.46,-0.5,0.5,0,0.5,4,500,0.5,1,1,100,5,1,0.18123139335780167,1,0.7363590918884416,0.9999999999999999,0.16249999999999998
1.4000000000000001,0.6000000000000001,0.46,-1,-0.5,0,0.5,4,500,0.5,1,1,100,5,1,0.19559319669054673,0.9999999999999999,1.3673258010157625,0.9999999999999999,0.19999999999999996
1.4000000000000001,0.6000000000000001,0.46,-1,0.5,0,0.5,4,500,0.5,1,1,100,5,1,0.18124488032954492,1,0.7428437547517314,0.9999999999999999,0.16249999999999998
1.4000000000000001,0.8,0.06,0,-0.5,0,0.5,4,500,0.5,1,1,100,5,1,0.9092275729970151,0.999205406579225,0,0.999205406579225,0.9092275619506831
1.4000000000000001,0.8,0.06,0,0.5,0,0.5,4,500,0.5,1,1,100,5,1,0.9052910390248544,0.9992066027117579,0,0.9992066027117579,0.9052910804748535
1.4000000000000001,0.8,0.06,-0.5,-0.5,0,0.5,4,500,0.5,1,1,100,5,1,0.9092273620778069,0.999205406579225,0,0.999205406579225,0.9092275619506831
1.4000000000000001,0.8,0.06,-0.5,0.5,0,0.5,4,500,0.5,1,1,100,5,1,0.90529110185757,0.9992066027117579,0,0.9992066027117579,0.9052910804748535
1.4000000000000001,0.8,0.06,-1,-0.5,0,0.5,4,500,0.5,1,1,100,5,1,0.9092272954688451,0.999205406579225,0,0.999205406579225,0.9092275619506831
1.4000000000000001,0.8,0.06,-1,0.5,0,0.5,4,500,0.5,1,1,100,5,1,0.9052910179790351,0.9992066027117579,0,0.9992066027117579,0.9052910804748535
1.4000000000000001,0.8,0.16,0,-0.5,0,0.5,4,500,0.5,1,1,100,5,1,0.9142164666579985,0.9999999942881814,0,0.9999999942881814,0.9141845703125007
1.4000000000000001,0.8,0.16,0,0.5,0,0.5,4,500,0.5,1,1,100,5,1,0.9011998187605026,0.9999999943634214,0,0.9999999943634214,0.9012207031249995
1.4000000000000001,0.8,0.16,-0.5,-0.5,0,0.5,4,500,0.5,1,1,100,5,1,0.9141770230852041,0.9999999942881815,0,0.9999999942881814,0.9141845703125007
1.4000000000000001,0.8,0.16,-0.5,0.5,0,0.5,4,500,0.5,1,1,100,5,1,0.90117289858755,0.9999999943634214,0,0.9999999943634214,0.9012207031249995
1.4000000000000001,0.8,0.16,-1,-0.5,0,0.5,4,500,0.5,1,1,100,5,1,0.91383313362761,0.999999994291091,0.4804385534368392,0.9999999942881814,0.9141845703125007
1.4000000000000001,0.8,0.16,-1,0.5,0,0.5,4,500,0.5,1,1,100,5,1,0.9013090245285108,0.9999999943638287,0.18496124732243396,0.9999999943634214,0.9012207031249995
1.4000000000000001,0.8,0.26,0,-0.5,0,0.5,4,500,0.5,1,1,100,5,1,0.9221616355553199,0.9999999999999561,0.25764223933512787,0.9999999999999563,0.9218750000000014
1.4000000000000001,0.8,0.26,0,0.5,0,0.5,4,500,0.5,1,1,100,5,1,0.8904612921021945,0.9999999999999578,0,0.9999999999999578,0.8937500000000008
1.4000000000000001,0.8,0.26,-0.5,-0.5,0,0.5,4,500,0.5,1,1,100,5,1,0.9116502990401394,0.9999999999999563,1.808334215049628,0.9999999999999563,0.9218750000000014
1.4000000000000001,0.8,0.26,-0.5,0.5,0,0.5,4,500,0.5,1,1,100,5,1,0.8925032223265096,0.9999999999999579,0.548273485387384,0.9999999999999578,0.8937500000000008
1.4000000000000001,0.8,0.26,-1,-0.5,0,0.5,4,500,0.5,1,1,100,5,1,0.9136246522898148,0.9999999999999567,2.311049811947497,0.9999999999999563,0.9218750000000014
1.4000000000000001,0.8,0.26,-1,0.5,0,0.5,4,500,0.5,1,1,100,5,1,0.8956084507298963,0.9999999999999581,0.7703335986649185,0.9999999999999578,0.8937500000000008
1.4000000000000001,0.8,0.36000000000000004,0,-0.5,0,0.5,4,500,0.5,1,1,100,5,1,0.37318413025540503,0.9999999999999999,1.679503894245545,1,0.42500000000000016
1.4000000000000001,0.8,0.36000000000000004,0,0.5,0,0.5,4,500,0.5,1,1,100,5,1,0.35518844287419776,0.9999999999999999,3.1225022567582485e-17,1,0.3968750000000001
1.4000000000000001,0.8,0.36000000000000004,-0.5,-0.5,0,0.5,4,500,0.5,1,1,100,5,1,0.378272368214929,0.9999999999999999,1.8337819772312234,1,0.42500000000000016
1.4000000000000001,0.8,0.36000000000000004,-0.5,0.5,0,0.5,4,500,0.5,1,1,100,5,1,0.35528407123375555,0.9999999999999999,0,1,0.3968750000000001
1.4000000000000001,0.8,0.36000000000000004,-1,-0.5,0,0.5,4,500,0.5,1,1,100,5,1,0.3485451932796304,0.9999999999999998,2.111539518269882,1,0.42500000000000016
1.4000000000000001,0.8,0.36000000000000004,-1,0.5,0,0.5,4,500,0.5,1,1,100,5,1,0.3553388329389416,0.9999999999999999,0,1,0.3968750000000001
1.4000000000000001,0.8,0.46,0,-0.5,0,0.5,4,500,0.5,1,1,100,5,1,0.19769063180596924,0.9999999999999999,1.3576086646131587,0.9999999999999999,0.19999999999999996
1.4000000000000001,0.8,0.46,0,0.5,0,0.5,4,500,0.5,1,1,100,5,1,0.18121493382274317,1,0.731276733923666,0.9999999999999999,0.16249999999999998
1.4000000000000001,0.8,0.46,-0.5,-0.5,0,0.5,4,500,0.5,1,1,100,5,1,0.19476823664415582,0.9999999999999999,1.7798327382397643,0.9999999999999999,0.19999999999999996
1.4000000000000001,0.8,0.46,-0.5,0.5,0,0.5,4,500,0.5,1,1,100,5,1,0.1812366357486637,1,0.7384389545353893,0.9999999999999999,0.16249999999999998
1.4000000000000001,0.8,0.46,-1,-0.5,0,0.5,4,500,0.5,1,1,100,5,1,0.19669808547308323,0.9999999999999999,1.397606348918834,0.9999999999999999,0.19999999999999996
1.4000000000000001,0.8,0.46,-1,0.5,0,0.5,4,500,0.5,1,1,100,5,1,0.1812463739336136,1,0.7439773910705463,0.9999999999999999,0.16249999999999998
1.6,0.2,0.06,0,-0.5,0,0.5,4,500,0.5,1,1,100,5,1,0.9095015561038828,0.9992037870468811,0,0.9992037870468811,0.9095015048980708
1.6,0.2,0.06,0,0.5,0,0.5,4,500,0.5,1,1,100,5,1,0.9050445751938787,0.999205144465218,0,0.999205144465218,0.905044603347778
1.6,0.2,0.06,-0.5,-0.5,0,0.5,4,500,0.5,1,1,100,5,1,0.9095012335234687,0.9992037870468811,0,0.9992037870468811,0.9095015048980708
1.6,0.2,0.06,-0.5,0.5,0,0.5,4,500,0.5,1,1,100,5,1,0.9050446057407331,0.999205144465218,0,0.999205144465218,0.905044603347778
1.6,0.2,0.06,-1,-0.5,0,0.5,4,500,0.5,1,1,100,5,1,0.9095014009807104,0.9992037870468811,0,0.9992037870468811,0.9095015048980708
1.6,0.2,0.06,-1,0.5,0,0.5,4,500,0.5,1,1,100,5,1,0.9050443950262312,0.999205144465218,0,0.999205144465218,0.905044603347778
1.6,0.2,0.16,0,-0.5,0,0.5,4,500,0.5,1,1,100,5,1,0.9144777135890778,0.9999999942538041,0,0.9999999942538041,0.9145141601562506
1.6,0.2,0.16,0,0.5,0,0.5,4,500,0.5,1,1,100,5,1,0.9008879820830659,0.9999999943330812,0,0.9999999943330812,0.9008911132812496
1.6,0.2,0.16,-0.5,-0.5,0,0.5,4,500,0.5,1,1,100,5,1,0.914461881316027,0.9999999942538041,0,0.9999999942538041,0.9145141601562506
1.6,0.2,0.16,-0.5,0.5,0,0.5,4,500,0.5,1,1,100,5,1,0.9008784308029694,0.9999999943330812,0,0.9999999943330812,0.9008911132812496
1.6,0.2,0.16,-1,-0.5,0,0.5,4,500,0.5,1,1,100,5,1,0.9144656015453188,0.9999999942538041,0,0.9999999942538041,0.9145141601562506
1.6,0.2,0.16,-1,0.5,0,0.5,4,500,0.5,1,1,100,5,1,0.9009283295738221,0.9999999943330811,0,0.9999999943330812,0.9008911132812496
1.6,0.2,0.26,0,-0.5,0,0.5,4,500,0.5,1,1,100,5,1,0.9188738304007588,0.9999999999999558,2.4129176200631383e-85,0.9999999999999558,0.9125000000000014
1.6,0.2,0.26,0,0.5,0,0.5,4,500,0.5,1,1,100,5,1,0.8933335699674496,0.9999999999999574,0,0.9999999999999574,0.8937500000000007
1.6,0.2,0.26,-0.5,-0.5,0,0.5,4,500,0.5,1,1,100,5,1,0.9190661034877994,0.9999999999999558,0,0.9999999999999558,0.9125000000000014
1.6,0.2,0.26,-0.5,0.5,0,0.5,4,500,0.5,1,1,100,5,1,0.8876533613106223,0.9999999999999574,6.245004513516506e-17,0.9999999999999574,0.8937500000000007
1.6,0.2,0.26,-1,-0.5,0,0.5,4,500,0.5,1,1,100,5,1,0.9098785004871541,0.9999999999999557,0.08381449523830473,0.9999999999999558,0.9125000000000014
1.6,0.2,0.26,-1,0.5,0,0.5,4,500,0.5,1,1,100,5,1,0.8984947240181245,0.9999999999999574,2.764715539838036e-17,0.9999999999999574,0.8937500000000007
1.6,0.2,0.36000000000000004,0,-0.5,0,0.5,4,500,0.5,1,1,100,5,1,0.37277008040762827,0.9999999999999999,2.3719945372268674e-80,1,0.42500000000000016
1.6,0.2,0.36000000000000004,0,0.5,0,0.5,4,500,0.5,1,1,100,5,1,0.34415953992438814,0.9999999999999999,0.3359853828286666,1,0.3968750000000001
1.6,0.2,0.36000000000000004,-0.5,-0.5,0,0.5,4,500,0.5,1,1,100,5,1,0.3732468413267165,0.9999999999999999,0.2529055589293111,1,0.42500000000000016
1.6,0.2,0.36000000000000004,-0.5,0.5,0,0.5,4,500,0.5,1,1,100,5,1,0.35503800517250855,0.9999999999999999,0,1,0.3968750000000001
1.6,0.2,0.36000000000000004,-1,-0.5,0,0.5,4,500,0.5,1,1,100,5,1,0.37072571753762973,0.9999999999999999,0.27773720683350733,1,0.42500000000000016
1.6,0.2,0.36000000000000004,-1,0.5,0,0.5,4,500,0.5,1,1,100,5,1,0.35522406992979344,0.9999999999999999,3.12250225675825e-17,1,0.3968750000000001
1.6,0.2,0.46,0,-0.5,0,0.5,4,500,0.5,1,1,100,5,1,0.21147451792415833,1,0.2633701375074362,0.9999999999999999,0.19999999999999996
1.6,0.2,0.46,0,0.5,0,0.5,4,500,0.5,1,1,100,5,1,0.17970327725148585,1,0.47277627849449544,0.9999999999999999,0.16249999999999998
1.6,0.2,0.46,-0.5,-0.5,0,0.5,4,500,0.5,1,1,100,5,1,0.21261784251224697,1,0.9966537162165796,0.9999999999999999,0.19999999999999996
1.6,0.2,0.46,-0.5,0.5,0,0.5,4,500,0.5,1,1,100,5,1,0.18119911549698503,1,0.72744802020347,0.9999999999999999,0.16249999999999998
1.6,0.2,0.46,-1,-0.5,0,0.5,4,500,0.5,1,1,100,5,1,0.19759521507857533,0.9999999999999999,1.7113178697853666,0.9999999999999999,0.19999999999999996
1.6,0.2,0.46,-1,0.5,0,0.5,4,500,0.5,1,1,100,5,1,0.18123722568267878,1,0.7386965476476913,0.9999999999999999,0.16249999999999998
1.6,0.4,0.06,0,-0.5,0,0.5,4,500,0.5,1,1,100,5,1,0.9094086203999616,0.99920433019523,0,0.99920433019523,0.9094086647033688
1.6,0.4,0.06,0,0.5,0,0.5,4,500,0.5,1,1,100,5,1,0.9051277044074287,0.9992056330186879,0,0.9992056330186879,0.9051277160644529
1.6,0.4,0.06,-0.5,-0.5,0,0.5,4,500,0.5,1,1,100,5,1,0.9094085930128624,0.99920433019523,0,0.99920433019523,0.9094086647033688
1.6,0.4,0.06,-0.5,0.5,0,0.5,4,500,0.5,1,1,100,5,1,0.9051279577715703,0.9992056330186879,0,0.9992056330186879,0.9051277160644529
1.6,0.4,0.06,-1,-0.5,0,0.5,4,500,0.5,1,1,100,5,1,0.9094085612733321,0.99920433019523,0,0.99920433019523,0.9094086647033688
1.6,0.4,0.06,-1,0.5,0,0.5,4,500,0.5,1,1,100,5,1,0.9051277210104633,0.9992056330186879,0,0.9992056330186879,0.9051277160644529
1.6,0.4,0.16,0,-0.5,0,0.5,4,500,0.5,1,1,100,5,1,0.9144037938468627,0.9999999942656451,0,0.9999999942656451,0.9144042968750008
1.6,0.4,0.16,0,0.5,0,0.5,4,500,0.5,1,1,100,5,1,0.9009522793179935,0.9999999943434816,0,0.9999999943434816,0.9010009765624993
1.6,0.4,0.16,-0.5,-0.5,0,0.5,4,500,0.5,1,1,100,5,1,0.9143602997669291,0.9999999942656451,0,0.9999999942656451,0.9144042968750008
1.6,0.4,0.16,-0.5,0.5,0,0.5,4,500,0.5,1,1,100,5,1,0.9009599893674136,0.9999999943434816,0,0.9999999943434816,0.9010009765624993
1.6,0.4,0.16,-1,-0.5,0,0.5,4,500,0.5,1,1,100,5,1,0.9144106393908049,0.9999999942656451,0,0.9999999942656451,0.9144042968750008
1.6,0.4,0.16,-1,0.5,0,0.5,4,500,0.5,1,1,100,5,1,0.9009869416147099,0.9999999943434816,0,0.9999999943434816,0.9010009765624993
1.6,0.4,0.26,0,-0.5,0,0.5,4,500,0.5,1,1,100,5,1,0.9093235759709655,0.9999999999999559,0,0.9999999999999559,0.9218750000000014
1.6,0.4,0.26,0,0.5,0,0.5,4,500,0.5,1,1,100,5,1,0.8915709425431417,0.9999999999999575,3.4623669816696505e-127,0.9999999999999575,0.8937500000000007
1.6,0.4,0.26,-0.5,-0.5,0,0.5,4,500,0.5,1,1,100,5,1,0.912572371048911,0.9999999999999559,5.2041704279304207e-17,0.9999999999999559,0.9218750000000014
1.6,0.4,0.26,-0.5,0.5,0,0.5,4,500,0.5,1,1,100,5,1,0.8946424187613826,0.9999999999999575,3.122502256758253e-17,0.9999999999999575,0.8937500000000007
1.6,0.4,0.26,-1,-0.5,0,0.5,4,500,0.5,1,1,100,5,1,0.9124173475009304,0.9999999999999559,0.10622902305576669,0.9999999999999559,0.9218750000000014
1.6,0.4,0.26,-1,0.5,0,0.5,4,500,0.5,1,1,100,5,1,0.89409029964592035,0.9999999999999575,0,0.9999999999999575,0.8937500000000007
1.6,0.4,0.36000000000000004,0,-0.5,0,0.5,4,500,0.5,1,1,100,5,1,0.3732031660109368,0.9999999999999999,0.2510069211603621,1,0.42500000000000016
1.6,0.4,0.36000000000000004,0,0.5,0,0.5,4,500,0.5,1,1,100,5,1,0.3549298241730043,0.9999999999999999,1.2829270608442538e-48,1,0.3968750000000001
1.6,0.4,0.36000000000000004,-0.5,-0.5,0,0.5,4,500,0.5,1,1,100,5,1,0.3887907526419763,0.9999999999999999,2.2556168465065647,1,0.42500000000000016
1.6,0.4,0.36000000000000004,-0.5,0.5,0,0.5,4,500,0.5,1,1,100,5,1,0.3551293558375611,0.9999999999999999,0,1,0.3968750000000001
1.6,0.4,0.36000000000000004,-1,-0.5,0,0.5,4,500,0.5,1,1,100,5,1,0.3712438803105864,0.9999999999999999,2.3876186780920508,1,0.42500000000000016
1.6,0.4,0.36000000000000004,-1,0.5,0,0.5,4,500,0.5,1,1,100,5,1,0.3254868143346018,0.9999999999999998,0.23789213711574783,1,0.3968750000000001
1.6,0.4,0.46,0,-0.5,0,0.5,4,500,0.5,1,1,100,5,1,0.21190032452775578,1,0.975357673554885,0.9999999999999999,0.19999999999999996
1.6,0.4,0.46,0,0.5,0,0.5,4,500,0.5,1,1,100,5,1,0.18114044996065776,1,0.7169277907952752,0.9999999999999999,0.16250000000000003
1.6,0.4,0.46,-0.5,-0.5,0,0.5,4,500,0.5,1,1,100,5,1,0.1975533085692767,0.9999999999999999,1.7104783841572875,0.9999999999999999,0.19999999999999996
1.6,0.4,0.46,-0.5,0.5,0,0.5,4,500,0.5,1,1,100,5,1,0.18120768213622362,1,0.7294324439550737,0.9999999999999999,0.16250000000000003
1.6,0.4,0.46,-1,-0.5,0,0.5,4,500,0.5,1,1,100,5,1,0.19962033766608056,0.9999999999999999,1.572038910762047,0.9999999999999999,0.19999999999999996
1.6,0.4,0.46,-1,0.5,0,0.5,4,500,0.5,1,1,100,5,1,0.1812389817630874,1,0.7395021078016994,0.9999999999999999,0.16250000000000003
1.6,0.6000000000000001,0.06,0,-0.5,0,0.5,4,500,0.5,1,1,100,5,1,0.9093186079640054,0.9992048625950283,1.1632227364026952e-25,0.9992048625950283,0.9093185424804686
1.6,0.6000000000000001,0.06,0,0.5,0,0.5,4,500,0.5,1,1,100,5,1,0.9052090898412796,0.9992061122935217,0,0.9992061122935217,0.9052089691162105
1.6,0.6000000000000001,0.06,-0.5,-0.5,0,0.5,4,500,0.5,1,1,100,5,1,0.9093185111788957,0.9992048625950283,0,0.9992048625950283,0.9093185424804686
1.6,0.6000000000000001,0.06,-0.5,0.5,0,0.5,4,500,0.5,1,1,100,5,1,0.9052090360092012,0.9992061122935217,0,0.9992061122935217,0.9052089691162105
1.6,0.6000000000000001,0.06,-1,-0.5,0,0.5,4,500,0.5,1,1,100,5,1,0.9093184096766042,0.9992048625950284,0,0.9992048625950283,0.9093185424804686
1.6,0.6000000000000001,0.06,-1,0.5,0,0.5,4,500,0.5,1,1,100,5,1,0.9052090547040648,0.9992061122935217,0,0.9992061122935217,0.9052089691162105
1.6,0.6000000000000001,0.16,0,-0.5,0,0.5,4,500,0.5,1,1,100,5,1,0.91426658083336,0.9999999942769974,0,0.9999999942769974,0.9142578125000007
1.6,0.6000000000000001,0.16,0,0.5,0,0.5,4,500,0.5,1,1,100,5,1,0.9010729146881103,0.9999999943534936,0,0.9999999943534936,0.9010742187499995
1.6,0.6000000000000001,0.16,-0.5,-0.5,0,0.5,4,500,0.5,1,1,100,5,1,0.9143104086943533,0.9999999942769973,0,0.9999999942769974,0.9142578125000007
1.6,0.6000000000000001,0.16,-0.5,0.5,0,0.5,4,500,0.5,1,1,100,5,1,0.9010795384636426,0.9999999943534936,0,0.9999999943534936,0.9010742187499995
1.6,0.6000000000000001,0.16,-1,-0.5,0,0.5,4,500,0.5,1,1,100,5,1,0.9142415631378974,0.9999999942769974,0,0.9999999942769974,0.9142578125000007
1.6,0.6000000000000001,0.16,-1,0.5,0,0.5,4,500,0.5,1,1,100,5,1,0.9011278514944283,0.9999999943534936,0,0.9999999943534936,0.9010742187499995
1.6,0.6000000000000001,0.26,0,-0.5,0,0.5,4,500,0.5,1,1,100,5,1,0.9150221739266164,0.9999999999999561,0,0.9999999999999561,0.9218750000000014
1.6,0.6000000000000001,0.26,0,0.5,0,0.5,4,500,0.5,1,1,100,5,1,0.8949394521755254,0.9999999999999577,0,0.9999999999999577,0.8937500000000007
1.6,0.6000000000000001,0.26,-0.5,-0.5,0,0.5,4,500,0.5,1,1,100,5,1,0.9176795256525621,0.9999999999999561,0,0.9999999999999561,0.9218750000000014
1.6,0.6000000000000001,0.26,-0.5,0.5,0,0.5,4,500,0.5,1,1,100,5,1,0.8970387414013864,0.9999999999999577,0.0038759887607254526,0.9999999999999577,0.8937500000000007
1.6,0.6000000000000001,0.26,-1,-0.5,0,0.5,4,500,0.5,1,1,100,5,1,0.9236423238084611,0.9999999999999555,1.557752489827829,0.9999999999999561,0.9218750000000014
1.6,0.6000000000000001,0.26,-1,0.5,0,0.5,4,500,0.5,1,1,100,5,1,0.8924980369469848,0.9999999999999576,0.2566367523773665,0.9999999999999577,0.8937500000000007
1.6,0.6000000000000001,0.36000000000000004,0,-0.5,0,0.5,4,500,0.5,1,1,100,5,1,0.38850263108719313,0.9999999999999999,2.202510006027418,1,0.42500000000000016
1.6,0.6000000000000001,0.36000000000000004,0,0.5,0,0.5,4,500,0.5,1,1,100,5,1,0.35503276283006663,0.9999999999999999,0,1,0.3968750000000001
1.6,0.6000000000000001,0.36000000000000004,-0.5,-0.5,0,0.5,4,500,0.5,1,1,100,5,1,0.37341714761430284,0.9999999999999999,2.4786527775464613,1,0.42500000000000016
1.6,0.6000000000000001,0.36000000000000004,-0.5,0.5,0,0.5,4,500,0.5,1,1,100,5,1,0.35515745525927056,0.9999999999999999,0,1,0.3968750000000001
1.6,0.6000000000000001,0.36000000000000004,-1,-0.5,0,0.5,4,500,0.5,1,1,100,5,1,0.37662942543875505,0.9999999999999999,1.932857053075626,1,0.42500000000000016
1.6,0.6000000000000001,0.36000000000000004,-1,0.5,0,0.5,4,500,0.5,1,1,100,5,1,0.35529968045905785,0.9999999999999999,2.6020852139652103e-17,1,0.3968750000000001
1.6,0.6000000000000001,0.46,0,-0.5,0,0.5,4,500,0.5,1,1,100,5,1,0.21211983630483883,1,1.7928055902491284,0.9999999999999999,0.19999999999999996
1.6,0.6000000000000001,0.46,0,0.5,0,0.5,4,500,0.5,1,1,100,5,1,0.18116241403530509,1,0.7204230032036305,0.9999999999999999,0.16249999999999998
1.6,0.6000000000000001,0.46,-0.5,-0.5,0,0.5,4,500,0.5,1,1,100,5,1,0.1995939467060887,0.9999999999999999,1.572686420103425,0.9999999999999999,0.19999999999999996
1.6,0.6000000000000001,0.46,-0.5,0.5,0,0.5,4,500,0.5,1,1,100,5,1,0.18121468199575808,1,0.7312093346603491,0.9999999999999999,0.16249999999999998
1.6,0.6000000000000001,0.46,-1,-0.5,0,0.5,4,500,0.5,1,1,100,5,1,0.19907766768178695,0.9999999999999999,1.592292427015601,0.9999999999999999,0.19999999999999996
1.6,0.6000000000000001,0.46,-1,0.5,0,0.5,4,500,0.5,1,1,100,5,1,0.1812404187038341,1,0.7402105291247707,0.9999999999999999,0.16249999999999998
1.6,0.8,0.06,0,-0.5,0,0.5,4,500,0.5,1,1,100,5,1,0.9092273702433368,0.999205406579225,7.270142102516845e-27,0.999205406579225,0.9092275619506831
1.6,0.8,0.06,0,0.5,0,0.5,4,500,0.5,1,1,100,5,1,0.90529090330221,0.9992066027117579,0,0.9992066027117579,0.9052910804748535
1.6,0.8,0.06,-0.5,-0.5,0,0.5,4,500,0.5,1,1,100,5,1,0.9092276519825283,0.999205406579225,0,0.999205406579225,0.9092275619506831
1.6,0.8,0.06,-0.5,0.5,0,0.5,4,500,0.5,1,1,100,5,1,0.9052910321325035,0.9992066027117579,0,0.9992066027117579,0.9052910804748535
1.6,0.8,0.06,-1,-0.5,0,0.5,4,500,0.5,1,1,100,5,1,0.9092272716824444,0.999205406579225,5.816113682013476e-26,0.999205406579225,0.9092275619506831
1.6,0.8,0.06,-1,0.5,0,0.5,4,500,0.5,1,1,100,5,1,0.90529097401341585,0.9992066027117579,0,0.9992066027117579,0.9052910804748535
1.6,0.8,0.16,0,-0.5,0,0.5,4,500,0.5,1,1,100,5,1,0.9142021696168124,0.9999999942881814,0,0.9999999942881814,0.9141845703125007
1.6,0.8,0.16,0,0.5,0,0.5,4,500,0.5,1,1,100,5,1,0.9011902618981463,0.9999999943634214,0,0.9999999943634214,0.9012207031249995
1.6,0.8,0.16,-0.5,-0.5,0,0.5,4,500,0.5,1,1,100,5,1,0.914163404436972,0.9999999942881815,0,0.9999999942881814,0.9141845703125007
1.6,0.8,0.16,-0.5,0.5,0,0.5,4,500,0.5,1,1,100,5,1,0.9012253458526747,0.9999999943634214,0,0.9999999943634214,0.9012207031249995
1.6,0.8,0.16,-1,-0.5,0,0.5,4,500,0.5,1,1,100,5,1,0.9141374095981546,0.9999999942881814,0,0.9999999942881814,0.9141845703125007
1.6,0.8,0.16,-1,0.5,0,0.5,4,500,0.5,1,1,100,5,1,0.901205506865148,0.9999999943634214,0,0.9999999943634214,0.9012207031249995
1.6,0.8,0.26,0,-0.5,0,0.5,4,500,0.5,1,1,100,5,1,0.9107957450150456,0.9999999999999563,2.862293735361731e-16,0.9999999999999563,0.9218750000000014
1.6,0.8,0.26,0,0.5,0,0.5,4,500,0.5,1,1,100,5,1,0.8894342816773269,0.9999999999999578,0,0.9999999999999578,0.8937500000000008
1.6,0.8,0.26,-0.5,-0.5,0,0.5,4,500,0.5,1,1,100,5,1,0.9193948550357827,0.9999999999999559,0.9464935468214355,0.9999999999999563,0.9218750000000014
1.6,0.8,0.26,-0.5,0.5,0,0.5,4,500,0.5,1,1,100,5,1,0.8958360762981598,0.9999999999999577,0.20142773826393054,0.9999999999999578,0.8937500000000008
1.6,0.8,0.26,-1,-0.5,0,0.5,4,500,0.5,1,1,100,5,1,0.9078529898727669,0.9999999999999563,1.6274252686459125,0.9999999999999563,0.9218750000000014
1.6,0.8,0.26,-1,0.5,0,0.5,4,500,0.5,1,1,100,5,1,0.894400853161026,0.9999999999999578,0.41247164131703745,0.9999999999999578,0.8937500000000008
1.6,0.8,0.36000000000000004,0,-0.5,0,0.5,4,500,0.5,1,1,100,5,1,0.41191510390817493,1,3.0643967017139606,1,0.42500000000000016
1.6,0.8,0.36000000000000004,0,0.5,0,0.5,4,500,0.5,1,1,100,5,1,0.34197681681097764,0.9999999999999999,0.03892525527267516,1,0.3968750000000001
1.6,0.8,0.36000000000000004,-0.5,-0.5,0,0.5,4,500,0.5,1,1,100,5,1,0.37890322353807643,0.9999999999999999,2.091351563885278,1,0.42500000000000016
1.6,0.8,0.36000000000000004,-0.5,0.5,0,0.5,4,500,0.5,1,1,100,5,1,0.3552690890990713,0.9999999999999999,7.806255641895628e-17,1,0.3968750000000001
1.6,0.8,0.36000000000000004,-1,-0.5,0,0.5,4,500,0.5,1,1,100,5,1,0.37809078443100114,0.9999999999999999,1.9405155970338341,1,0.42500000000000016
1.6,0.8,0.36000000000000004,-1,0.5,0,0.5,4,500,0.5,1,1,100,5,1,0.35532184564226976,0.9999999999999999,9.244463733058731e-32,1,0.3968750000000001
1.6,0.8,0.46,0,-0.5,0,0.5,4,500,0.5,1,1,100,5,1,0.1972966226596135,0.9999999999999999,1.7099195491656851,0.9999999999999999,0.19999999999999996
1.6,0.8,0.46,0,0.5,0,0.5,4,500,0.5,1,1,100,5,1,0.18117511645741302,1,0.722648889341902,0.9999999999999999,0.16249999999999998
1.6,0.8,0.46,-0.5,-0.5,0,0.5,4,500,0.5,1,1,100,5,1,0.19585955579687062,0.9999999999999999,1.3629204291626391,0.9999999999999999,0.19999999999999996
1.6,0.8,0.46,-0.5,0.5,0,0.5,4,500,0.5,1,1,100,5,1,0.18122168362759922,1,0.7331738583157686,0.9999999999999999,0.16249999999999998
1.6,0.8,0.46,-1,-0.5,0,0.5,4,500,0.5,1,1,100,5,1,0.1945038598199451,0.9999999999999999,1.793666900566376,0.9999999999999999,0.19999999999999996
1.6,0.8,0.46,-1,0.5,0,0.5,4,500,0.5,1,1,100,5,1,0.18124261825016383,1,0.7414072608508205,0.9999999999999999,0.16249999999999998
